C;Use_Access_Control;Using Access Control List;https://doc.casthighlight.com/CloudReady_Use_Access_Control?auth=810dbb62ba6ce167e0e3a5425bf7691d;Id_071;New_AccessControlList;
C;Use_File_System;Using file system;https://doc.casthighlight.com/CloudReady_Use_File_System?auth=b1fede2ca6e441c908b1f4563b375e0c;Id_057;HardCodedPath;
C;Use_OS_Dependency;Using system DLLs;https://doc.casthighlight.com/CloudReady_Use_OS_Dependency?auth=c3085dd64ed56376c64524d05272de5d;Id_038;DllImport;
C;Directory_Manipulation_Practice;Perform Directory Manipulation;https://doc.casthighlight.com/CloudReady_Directory_Manipulation_Practice?auth=977d0e61c5d240f729856db9d227aaf5;Id_171;DirectoryCurrent;
C;Directory_Manipulation_Practice;Perform Directory Manipulation;https://doc.casthighlight.com/CloudReady_Directory_Manipulation_Practice?auth=977d0e61c5d240f729856db9d227aaf5;Id_010;GetTempPath;
C;Directory_Manipulation_Practice;Perform Directory Manipulation;https://doc.casthighlight.com/CloudReady_Directory_Manipulation_Practice?auth=977d0e61c5d240f729856db9d227aaf5;Id_055;DirectoryCreate;
C;Directory_Manipulation_Practice;Perform Directory Manipulation;https://doc.casthighlight.com/CloudReady_Directory_Manipulation_Practice?auth=977d0e61c5d240f729856db9d227aaf5;Id_013;DirectoryDelete;
C;Directory_Manipulation_Practice;Perform Directory Manipulation;https://doc.casthighlight.com/CloudReady_Directory_Manipulation_Practice?auth=977d0e61c5d240f729856db9d227aaf5;Id_014;DirectoryExists;
C;File_Manipulation_Practice;Perform File Manipulation;https://doc.casthighlight.com/CloudReady_File_Manipulation_Practice?auth=7d30ba0f5aeddf312a92a715c1038f24;Id_009;Open;
C;File_Manipulation_Practice;Perform File Manipulation;https://doc.casthighlight.com/CloudReady_File_Manipulation_Practice?auth=7d30ba0f5aeddf312a92a715c1038f24;Id_004;FileDelete;
C;File_Manipulation_Practice;Perform File Manipulation;https://doc.casthighlight.com/CloudReady_File_Manipulation_Practice?auth=7d30ba0f5aeddf312a92a715c1038f24;Id_094;New_FileInputStream;
C;File_Manipulation_Practice;Perform File Manipulation;https://doc.casthighlight.com/CloudReady_File_Manipulation_Practice?auth=7d30ba0f5aeddf312a92a715c1038f24;Id_229;FileRead;
C;File_Manipulation_Practice;Perform File Manipulation;https://doc.casthighlight.com/CloudReady_File_Manipulation_Practice?auth=7d30ba0f5aeddf312a92a715c1038f24;Id_005;FileCopy;
C;File_Manipulation_Practice;Perform File Manipulation;https://doc.casthighlight.com/CloudReady_File_Manipulation_Practice?auth=7d30ba0f5aeddf312a92a715c1038f24;Id_006;FileExists;
C;Use_ConnectionStrings;Using connection strings for database connection;https://doc.casthighlight.com/CloudReady_Use_ConnectionStrings?auth=f6415a2c3eebbd34abe335f5f5848a26;Id_155;HardCodedConnectionString;
C;Access_To_Environment_Variable;Access to environment variable;https://doc.casthighlight.com/CloudReady_Access_To_Environment_Variable?auth=9a923ef56e8fe07e0d2f445742ca6666;Id_174;EnvironmentVariable;
C;Use_Impersonate_Identity;Using impersonate Identity;https://doc.casthighlight.com/CloudReady_Use_Impersonate_Identity?auth=aea8bc1659290977cdea52d0ef92fe13;Id_265;IdentityImpersonateTrue;
C;Use_SecuredProtocols;Use of unsecured network protocols (HTTP, FTP);https://doc.casthighlight.com/CloudReady_Use_SecuredProtocols?auth=5af9b0822489b03c906db6b3d0009afe;Id_095;URINotSecured;
C;Use_SecuredProtocolsHTTP;Use of unsecured network protocols (HTTP);https://doc.casthighlight.com/CloudReady_Use_SecuredProtocols?auth=5af9b0822489b03c906db6b3d0009afe;Id_117;URINotSecuredHTTP;
C;Use_SecuredProtocolsFTP;Use of unsecured network protocols (FTP);https://doc.casthighlight.com/CloudReady_Use_SecuredProtocols?auth=5af9b0822489b03c906db6b3d0009afe;Id_118;URINotSecuredFTP;
C;Use_Hardcoded_IP_Address;Using hardcoded network IP address (IPV4, IPV6);https://doc.casthighlight.com/CloudReady_Use_Hardcoded_IP_Address?auth=a6ab8fb4f9ec7a7c7452a9df1d0eef2f;Id_096;HardCodedIP;
C;Use_SQL_Database_Unsecure_Authentication;Use an unsecured connection string;https://doc.casthighlight.com/CloudReady_Use_SQL_Database_Unsecure_Authentication?auth=e73794da33ccf78bf3dcfed9b79d558a;Id_164;SQLDatabaseUnsecureAuthentication;
C;Use_EventLog;Using EventLog in System.Diagnostics namespace;https://doc.casthighlight.com/CloudReady_Use_EventLog?auth=e31fe54749aa47b3f2074d4b7bc57c4c;Id_167;New_EventLog;
COBOL;Avoid_Code_Skipped;Avoid code that can accidentally get skipped;https://doc.casthighlight.com/CloudReady_Avoid_Code_Skipped?auth=94e670f791965b4558517210c370b065;Id_154;DISPLAY_statement;
COBOL;Avoid_Code_Skipped;Avoid code that can accidentally get skipped;https://doc.casthighlight.com/CloudReady_Avoid_Code_Skipped?auth=94e670f791965b4558517210c370b065;Id_125;CodeSkipped;
COBOL;Use_HexaConstants;Avoid using hexadecimal constants in mainframes;https://doc.casthighlight.com/CloudReady_Use_HexaConstants?auth=d695011c36ea14ffb0a9bde014c64b86;Id_153;HexaConstants;
COBOL;Use_ALTER_statement;Avoid using ALTER statements in mainframes;https://doc.casthighlight.com/CloudReady_Use_ALTER_statement?auth=b85783132da91e5ed1b575ce37049e48;Id_156;ALTER_statement;
COBOL;Use_PackedDecimal;Avoid using packed Decimal unique way of representation of decimal data in mainframes;https://doc.casthighlight.com/CloudReady_Use_PackedDecimal?auth=bb7717127e637ac10740efb78398d378;Id_157;PackedDecimal;
COBOL;Use_Binary;Avoid using binary data type in mainframes;https://doc.casthighlight.com/CloudReady_Use_Binary?auth=e8a41516094402cc1adbf7292c1cc4a0;Id_158;Binary;
COBOL;Use_CAPanvaletCommand;Avoid using CA Panvalet Command in mainframes specific of Z/OS;https://doc.casthighlight.com/CloudReady_Use_CAPanvaletCommand?auth=0918c96fd7c13d82b55b229d685e56ea;Id_159;CAPanvaletCommand;
COBOL;Use_DLICalls;Avoid using DL/I Calls;https://doc.casthighlight.com/CloudReady_Use_DLICalls?auth=10ecd5f2d41f7f2bbcec383d2e0da8e1;Id_160;DLICalls;
COBOL;Use_DoubleByteCharacter;Avoid using Double Byte character in mainframes;https://doc.casthighlight.com/CloudReady_Use_DoubleByteCharacter?auth=41152618272d3b936fca34727fad9258;Id_161;DoubleByteCharacter;
COBOL;Use_GOTO_statement;Avoid using GOTO statements in mainframes;https://doc.casthighlight.com/CloudReady_Use_GOTO_statement?auth=75f933c3cb4bf1ef6031eb5c1410083e;Id_162;GOTO_statement;
COBOL;Use_DecimalPointComma;Avoid using DECIMAL POINT IS A COMMA clause in mainframes specific to Z/OS;https://doc.casthighlight.com/CloudReady_Use_DecimalPointComma?auth=2f5d8c3ece3fcccccffd37d775b6aaf8;Id_163;DecimalPointComma;
COBOL;Use_CurrencySign;Avoid using CURRENCY SIGN clause in mainframes specific to Z/OS;https://doc.casthighlight.com/CloudReady_Use_CurrencySign?auth=690115522b885906dc2de32bd7529a3e;Id_165;CurrencySign;
COBOL;Use_OccurClause;Avoid using OCCURS clause in mainframes;https://doc.casthighlight.com/CloudReady_Use_OccurClause?auth=def0c6fe6d66038093d7aa829dd434f7;Id_178;OccurClause;
COBOL;Use_RedefinesClause;Avoid using REDEFINES clause in mainframes;https://doc.casthighlight.com/CloudReady_Use_RedefinesClause?auth=cb4d66218c898c49e8782474eca96e62;Id_193;RedefinesClause;
COBOL;Use_DummyTable;Avoid using the SYSIBM.SYSDUMMY1 dummy table in mainframes;https://doc.casthighlight.com/CloudReady_Use_DummyTable?auth=22c6341c826794a82a3d174a454f3707;Id_194;DummyTable;
CPP;Use_Access_Control;Using Access Control List;https://doc.casthighlight.com/CloudReady_Use_Access_Control?auth=810dbb62ba6ce167e0e3a5425bf7691d;Id_071;New_AccessControlList;
CPP;Use_File_System;Using file system;https://doc.casthighlight.com/CloudReady_Use_File_System?auth=b1fede2ca6e441c908b1f4563b375e0c;Id_057;HardCodedPath;
CPP;Use_OS_Dependency;Using system DLLs;https://doc.casthighlight.com/CloudReady_Use_OS_Dependency?auth=c3085dd64ed56376c64524d05272de5d;Id_038;DllImport;
CPP;Directory_Manipulation_Practice;Perform Directory Manipulation;https://doc.casthighlight.com/CloudReady_Directory_Manipulation_Practice?auth=977d0e61c5d240f729856db9d227aaf5;Id_171;DirectoryCurrent;
CPP;Directory_Manipulation_Practice;Perform Directory Manipulation;https://doc.casthighlight.com/CloudReady_Directory_Manipulation_Practice?auth=977d0e61c5d240f729856db9d227aaf5;Id_010;GetTempPath;
CPP;Directory_Manipulation_Practice;Perform Directory Manipulation;https://doc.casthighlight.com/CloudReady_Directory_Manipulation_Practice?auth=977d0e61c5d240f729856db9d227aaf5;Id_055;DirectoryCreate;
CPP;Directory_Manipulation_Practice;Perform Directory Manipulation;https://doc.casthighlight.com/CloudReady_Directory_Manipulation_Practice?auth=977d0e61c5d240f729856db9d227aaf5;Id_013;DirectoryDelete;
CPP;Directory_Manipulation_Practice;Perform Directory Manipulation;https://doc.casthighlight.com/CloudReady_Directory_Manipulation_Practice?auth=977d0e61c5d240f729856db9d227aaf5;Id_014;DirectoryExists;
CPP;File_Manipulation_Practice;Perform File Manipulation;https://doc.casthighlight.com/CloudReady_File_Manipulation_Practice?auth=7d30ba0f5aeddf312a92a715c1038f24;Id_009;Open;
CPP;File_Manipulation_Practice;Perform File Manipulation;https://doc.casthighlight.com/CloudReady_File_Manipulation_Practice?auth=7d30ba0f5aeddf312a92a715c1038f24;Id_004;FileDelete;
CPP;File_Manipulation_Practice;Perform File Manipulation;https://doc.casthighlight.com/CloudReady_File_Manipulation_Practice?auth=7d30ba0f5aeddf312a92a715c1038f24;Id_094;New_FileInputStream;
CPP;File_Manipulation_Practice;Perform File Manipulation;https://doc.casthighlight.com/CloudReady_File_Manipulation_Practice?auth=7d30ba0f5aeddf312a92a715c1038f24;Id_229;FileRead;
CPP;File_Manipulation_Practice;Perform File Manipulation;https://doc.casthighlight.com/CloudReady_File_Manipulation_Practice?auth=7d30ba0f5aeddf312a92a715c1038f24;Id_005;FileCopy;
CPP;File_Manipulation_Practice;Perform File Manipulation;https://doc.casthighlight.com/CloudReady_File_Manipulation_Practice?auth=7d30ba0f5aeddf312a92a715c1038f24;Id_006;FileExists;
CPP;Use_ConnectionStrings;Using connection strings for database connection;https://doc.casthighlight.com/CloudReady_Use_ConnectionStrings?auth=f6415a2c3eebbd34abe335f5f5848a26;Id_155;HardCodedConnectionString;
CPP;Access_To_Environment_Variable;Access to environment variable;https://doc.casthighlight.com/CloudReady_Access_To_Environment_Variable?auth=9a923ef56e8fe07e0d2f445742ca6666;Id_174;EnvironmentVariable;
CPP;Use_Impersonate_Identity;Using impersonate Identity;https://doc.casthighlight.com/CloudReady_Use_Impersonate_Identity?auth=aea8bc1659290977cdea52d0ef92fe13;Id_265;IdentityImpersonateTrue;
CPP;Use_SecuredProtocols;Use of unsecured network protocols (HTTP, FTP);https://doc.casthighlight.com/CloudReady_Use_SecuredProtocols?auth=5af9b0822489b03c906db6b3d0009afe;Id_095;URINotSecured;
CPP;Use_SecuredProtocolsHTTP;Use of unsecured network protocols (HTTP);https://doc.casthighlight.com/CloudReady_Use_SecuredProtocols?auth=5af9b0822489b03c906db6b3d0009afe;Id_117;URINotSecuredHTTP;
CPP;Use_SecuredProtocolsFTP;Use of unsecured network protocols (FTP);https://doc.casthighlight.com/CloudReady_Use_SecuredProtocols?auth=5af9b0822489b03c906db6b3d0009afe;Id_118;URINotSecuredFTP;
CPP;Use_Hardcoded_IP_Address;Using hardcoded network IP address (IPV4, IPV6);https://doc.casthighlight.com/CloudReady_Use_Hardcoded_IP_Address?auth=a6ab8fb4f9ec7a7c7452a9df1d0eef2f;Id_096;HardCodedIP;
CPP;Use_SQL_Database_Unsecure_Authentication;Use an unsecured connection string;https://doc.casthighlight.com/CloudReady_Use_SQL_Database_Unsecure_Authentication?auth=e73794da33ccf78bf3dcfed9b79d558a;Id_164;SQLDatabaseUnsecureAuthentication;
CPP;Use_EventLog;Using EventLog in System.Diagnostics namespace;https://doc.casthighlight.com/CloudReady_Use_EventLog?auth=e31fe54749aa47b3f2074d4b7bc57c4c;Id_167;New_EventLog;
CSHARP;Use_Access_Control;Using Access Control List;https://doc.casthighlight.com/CloudReady_Use_Access_Control?auth=810dbb62ba6ce167e0e3a5425bf7691d;Id_041;FileSetAccessControl;Id_039&&(Id_040||Id_041)
CSHARP;Use_Access_Control;Using Access Control List;https://doc.casthighlight.com/CloudReady_Use_Access_Control?auth=810dbb62ba6ce167e0e3a5425bf7691d;Id_039;UsingSystemSecurityAccessControl;Id_039&&(Id_040||Id_041)
CSHARP;Use_Access_Control;Using Access Control List;https://doc.casthighlight.com/CloudReady_Use_Access_Control?auth=810dbb62ba6ce167e0e3a5425bf7691d;Id_040;FileGetAccessControl;Id_039&&(Id_040||Id_041)
CSHARP;Use_Configuration_Except_WebConfig;Using other configuration files than Web configuration;https://doc.casthighlight.com/CloudReady_Use_Configuration_Except_WebConfig?auth=98a8b0e4c774ab779a289c5f3935b9f2;Id_1000;ExtraConfFile;
CSHARP;Use_COM_Components;Using COM Components;https://doc.casthighlight.com/CloudReady_Use_COM_Components?auth=8be7db437e87a1835d1e4e3f58b2f937;Id_1008;CsprojCOMReferenceInclude;
CSHARP;Use_COM_Components;Using COM Components;https://doc.casthighlight.com/CloudReady_Use_COM_Components?auth=8be7db437e87a1835d1e4e3f58b2f937;Id_046;ComImport;
CSHARP;Use_COM_Components;Using COM Components;https://doc.casthighlight.com/CloudReady_Use_COM_Components?auth=8be7db437e87a1835d1e4e3f58b2f937;Id_047;UsingSystemRuntimeInteropServices;
CSHARP;Use_Crypto_API;Using Crypto API;https://doc.casthighlight.com/CloudReady_Use_Crypto_API?auth=83196fa77e7a35409d833d7b4cc41b16;Id_064;UsingSystemSecurityCryptography;
CSHARP;Use_File_System;Using file system;https://doc.casthighlight.com/CloudReady_Use_File_System?auth=b1fede2ca6e441c908b1f4563b375e0c;Id_057;HardCodedPath;
CSHARP;Use_OS_Dependency;Using system DLLs;https://doc.casthighlight.com/CloudReady_Use_OS_Dependency?auth=c3085dd64ed56376c64524d05272de5d;Id_038;DllImport;
CSHARP;Use_InterApplication_MiddleWare;Using a middleware application;https://doc.casthighlight.com/CloudReady_Use_InterApplication_MiddleWare?auth=0ee62b33e217f635b7cc26189cd0ea67;Id_045;UsingIBMWMQ;
CSHARP;Use_InterApplication_MiddleWare;Using a middleware application;https://doc.casthighlight.com/CloudReady_Use_InterApplication_MiddleWare?auth=0ee62b33e217f635b7cc26189cd0ea67;Id_043;UsingRabbitMQClient;
CSHARP;Use_InterApplication_MiddleWare;Using a middleware application;https://doc.casthighlight.com/CloudReady_Use_InterApplication_MiddleWare?auth=0ee62b33e217f635b7cc26189cd0ea67;Id_044;UsingTIBCOEMS;
CSHARP;Use_InterApplication_MiddleWare;Using a middleware application;https://doc.casthighlight.com/CloudReady_Use_InterApplication_MiddleWare?auth=0ee62b33e217f635b7cc26189cd0ea67;Id_042;UsingSystemMessaging;
CSHARP;Directory_Manipulation_Practice;Perform Directory Manipulation;https://doc.casthighlight.com/CloudReady_Directory_Manipulation_Practice?auth=977d0e61c5d240f729856db9d227aaf5;Id_011;DirectoryCreateDirectory;Id_001&&(Id_011||Id_012||Id_013||Id_014)
CSHARP;Directory_Manipulation_Practice;Perform Directory Manipulation;https://doc.casthighlight.com/CloudReady_Directory_Manipulation_Practice?auth=977d0e61c5d240f729856db9d227aaf5;Id_012;DirectoryMove;Id_001&&(Id_011||Id_012||Id_013||Id_014)
CSHARP;Directory_Manipulation_Practice;Perform Directory Manipulation;https://doc.casthighlight.com/CloudReady_Directory_Manipulation_Practice?auth=977d0e61c5d240f729856db9d227aaf5;Id_001;UsingSystemIO;Id_001&&(Id_011||Id_012||Id_013||Id_014)
CSHARP;Directory_Manipulation_Practice;Perform Directory Manipulation;https://doc.casthighlight.com/CloudReady_Directory_Manipulation_Practice?auth=977d0e61c5d240f729856db9d227aaf5;Id_013;DirectoryDelete;Id_001&&(Id_011||Id_012||Id_013||Id_014)
CSHARP;Directory_Manipulation_Practice;Perform Directory Manipulation;https://doc.casthighlight.com/CloudReady_Directory_Manipulation_Practice?auth=977d0e61c5d240f729856db9d227aaf5;Id_014;DirectoryExists;Id_001&&(Id_011||Id_012||Id_013||Id_014)
CSHARP;File_Manipulation_Practice;Perform File Manipulation;https://doc.casthighlight.com/CloudReady_File_Manipulation_Practice?auth=7d30ba0f5aeddf312a92a715c1038f24;Id_004;FileDelete;Id_001&&(Id_002||Id_003||Id_004||Id_005||Id_006||Id_007||Id_008||Id_009)
CSHARP;File_Manipulation_Practice;Perform File Manipulation;https://doc.casthighlight.com/CloudReady_File_Manipulation_Practice?auth=7d30ba0f5aeddf312a92a715c1038f24;Id_009;Open;Id_001&&(Id_002||Id_003||Id_004||Id_005||Id_006||Id_007||Id_008||Id_009)
CSHARP;File_Manipulation_Practice;Perform File Manipulation;https://doc.casthighlight.com/CloudReady_File_Manipulation_Practice?auth=7d30ba0f5aeddf312a92a715c1038f24;Id_001;UsingSystemIO;Id_001&&(Id_002||Id_003||Id_004||Id_005||Id_006||Id_007||Id_008||Id_009)
CSHARP;File_Manipulation_Practice;Perform File Manipulation;https://doc.casthighlight.com/CloudReady_File_Manipulation_Practice?auth=7d30ba0f5aeddf312a92a715c1038f24;Id_002;FileMove;Id_001&&(Id_002||Id_003||Id_004||Id_005||Id_006||Id_007||Id_008||Id_009)
CSHARP;File_Manipulation_Practice;Perform File Manipulation;https://doc.casthighlight.com/CloudReady_File_Manipulation_Practice?auth=7d30ba0f5aeddf312a92a715c1038f24;Id_003;FileCreate;Id_001&&(Id_002||Id_003||Id_004||Id_005||Id_006||Id_007||Id_008||Id_009)
CSHARP;File_Manipulation_Practice;Perform File Manipulation;https://doc.casthighlight.com/CloudReady_File_Manipulation_Practice?auth=7d30ba0f5aeddf312a92a715c1038f24;Id_005;FileCopy;Id_001&&(Id_002||Id_003||Id_004||Id_005||Id_006||Id_007||Id_008||Id_009)
CSHARP;File_Manipulation_Practice;Perform File Manipulation;https://doc.casthighlight.com/CloudReady_File_Manipulation_Practice?auth=7d30ba0f5aeddf312a92a715c1038f24;Id_008;FileDecrypt;Id_001&&(Id_002||Id_003||Id_004||Id_005||Id_006||Id_007||Id_008||Id_009)
CSHARP;File_Manipulation_Practice;Perform File Manipulation;https://doc.casthighlight.com/CloudReady_File_Manipulation_Practice?auth=7d30ba0f5aeddf312a92a715c1038f24;Id_006;FileExists;Id_001&&(Id_002||Id_003||Id_004||Id_005||Id_006||Id_007||Id_008||Id_009)
CSHARP;File_Manipulation_Practice;Perform File Manipulation;https://doc.casthighlight.com/CloudReady_File_Manipulation_Practice?auth=7d30ba0f5aeddf312a92a715c1038f24;Id_007;FileEncrypt;Id_001&&(Id_002||Id_003||Id_004||Id_005||Id_006||Id_007||Id_008||Id_009)
CSHARP;Use_Registry_Class;Using Windows registry;https://doc.casthighlight.com/CloudReady_Use_Registry_Class?auth=9b5086387d20f4ebc0bf5ec1eb6ca967;Id_022;RegistrySetValue;Id_020&&(Id_021||Id_022)
CSHARP;Use_Registry_Class;Using Windows registry;https://doc.casthighlight.com/CloudReady_Use_Registry_Class?auth=9b5086387d20f4ebc0bf5ec1eb6ca967;Id_021;RegistryGetValue;Id_020&&(Id_021||Id_022)
CSHARP;Use_Registry_Class;Using Windows registry;https://doc.casthighlight.com/CloudReady_Use_Registry_Class?auth=9b5086387d20f4ebc0bf5ec1eb6ca967;Id_020;UsingMicrosoftWin32;Id_020&&(Id_021||Id_022)
CSHARP;Use_ConnectionStrings;Using connection strings for database connection;https://doc.casthighlight.com/CloudReady_Use_ConnectionStrings?auth=f6415a2c3eebbd34abe335f5f5848a26;Id_018;UsingSystemConfiguration;Id_018&&Id_034
CSHARP;Use_ConnectionStrings;Using connection strings for database connection;https://doc.casthighlight.com/CloudReady_Use_ConnectionStrings?auth=f6415a2c3eebbd34abe335f5f5848a26;Id_034;ConfigurationManagerConnectionStrings;Id_018&&Id_034
CSHARP;Access_To_Environment_Variable;Access to environment variable;https://doc.casthighlight.com/CloudReady_Access_To_Environment_Variable?auth=9a923ef56e8fe07e0d2f445742ca6666;Id_017;TempVarExpanding;Id_015&&(Id_016||Id_017)
CSHARP;Access_To_Environment_Variable;Access to environment variable;https://doc.casthighlight.com/CloudReady_Access_To_Environment_Variable?auth=9a923ef56e8fe07e0d2f445742ca6666;Id_015;UsingSystem;Id_015&&(Id_016||Id_017)
CSHARP;Access_To_Environment_Variable;Access to environment variable;https://doc.casthighlight.com/CloudReady_Access_To_Environment_Variable?auth=9a923ef56e8fe07e0d2f445742ca6666;Id_016;TempVarReading;Id_015&&(Id_016||Id_017)
CSHARP;Use_GetTempPath;Using GetTempPath;https://doc.casthighlight.com/CloudReady_Use_GetTempPath?auth=df790f89728ccdd41e5d153f2d2e1a8d;Id_010;GetTempPath;Id_001&&Id_010
CSHARP;Use_GetTempPath;Using GetTempPath;https://doc.casthighlight.com/CloudReady_Use_GetTempPath?auth=df790f89728ccdd41e5d153f2d2e1a8d;Id_001;UsingSystemIO;Id_001&&Id_010
CSHARP;Use_Impersonate_Identity;Using impersonate Identity;https://doc.casthighlight.com/CloudReady_Use_Impersonate_Identity?auth=aea8bc1659290977cdea52d0ef92fe13;Id_1007;WebConfigIdentityImpersonateTrue;Id_1007&&Id_037
CSHARP;Use_Impersonate_Identity;Using impersonate Identity;https://doc.casthighlight.com/CloudReady_Use_Impersonate_Identity?auth=aea8bc1659290977cdea52d0ef92fe13;Id_037;ImpersonationOption;Id_1007&&Id_037
CSHARP;Use_WebForm_Authentication;Using Webform Authentication;https://doc.casthighlight.com/CloudReady_Use_WebForm_Authentication?auth=bf99e8d936e5c6120fcf2c4d4bd46b4a;Id_1003;WebConfigAuthenticationForm;
CSHARP;Use_Windows_Authentication;Use of Windows Authentication;https://doc.casthighlight.com/CloudReady_Use_Windows_Authentication?auth=779ce85316890b160038fea2fcf589cc;Id_1004;WebConfigAuthenticationWindows;
CSHARP;Use_SecuredProtocols;Use of unsecured network protocols (HTTP, FTP);https://doc.casthighlight.com/CloudReady_Use_SecuredProtocols?auth=5af9b0822489b03c906db6b3d0009afe;Id_095;URINotSecured;
CSHARP;Use_SecuredProtocolsHTTP;Use of unsecured network protocols (HTTP);https://doc.casthighlight.com/CloudReady_Use_SecuredProtocols?auth=5af9b0822489b03c906db6b3d0009afe;Id_117;URINotSecuredHTTP;
CSHARP;Use_SecuredProtocolsFTP;Use of unsecured network protocols (FTP);https://doc.casthighlight.com/CloudReady_Use_SecuredProtocols?auth=5af9b0822489b03c906db6b3d0009afe;Id_118;URINotSecuredFTP;
CSHARP;Use_Hardcoded_IP_Address;Using hardcoded network IP address (IPV4, IPV6);https://doc.casthighlight.com/CloudReady_Use_Hardcoded_IP_Address?auth=a6ab8fb4f9ec7a7c7452a9df1d0eef2f;Id_096;HardCodedIP;
CSHARP;Use_WCF_Service;Use of WCF (Windows Communication Foundation) services;https://doc.casthighlight.com/CloudReady_Use_WCF_Service?auth=74fc89e0c41b143a6db3e62325bf388f;Id_1014;WCFService;
CSHARP;Use_WCF_Service_WebConf;Use of WCF services in web.config file;https://doc.casthighlight.com/CloudReady_Use_WCF_Service_WebConf?auth=215fddb44316f3d2f88f501885a03e48;Id_1022;WCFServiceWebConf;
CSHARP;Use_WCF_Service_AppConf;Use of WCF services in app.config file;https://doc.casthighlight.com/CloudReady_Use_WCF_Service_AppConf?auth=1b9b911335771e6204bbc0c3261ee36c;Id_1023;WCFServiceAppConf;
CSHARP;Use_Stateful_Session;Using stateful session (Servlet);https://doc.casthighlight.com/CloudReady_Use_Stateful_Session?auth=c9e6cc40b51dbb60fe2d69f6cea55530;Id_098;HttpSession_setAttribute;Id_097&&Id_098
CSHARP;Use_Stateful_Session;Using stateful session (Servlet);https://doc.casthighlight.com/CloudReady_Use_Stateful_Session?auth=c9e6cc40b51dbb60fe2d69f6cea55530;Id_097;Import_JavaxServletHttpHttpSession;Id_097&&Id_098
CSHARP;Use_Auto_Generated_Machine_Key;Using auto generated Machine Key;https://doc.casthighlight.com/CloudReady_Use_Auto_Generated_Machine_Key?auth=601eea19215b5e80e4c239b6cdecf3e3;Id_1021;MachineKey_ValidationKey_AutoGenerate;
CSHARP;Use_SQL_Database_Unsecure_Authentication;Use an unsecured connection string;https://doc.casthighlight.com/CloudReady_Use_SQL_Database_Unsecure_Authentication?auth=e73794da33ccf78bf3dcfed9b79d558a;Id_164;SQLDatabaseUnsecureAuthentication;
CSHARP;Use_HTTPProtocol;Hardcoded URLs using HTTP protocol;https://doc.casthighlight.com/CloudReady_Use_HTTPProtocol?auth=80fbdfd1a7565f85e9e64933f6f8fcde;Id_189;HTTPProtocol;
CSHARP;Use_FTPProtocol;Hardcoded URLs using FTP protocol;https://doc.casthighlight.com/CloudReady_Use_FTPProtocol?auth=357ac5f20e3f9258765cda4c517f810a;Id_205;FTPProtocol;
CSHARP;Use_LDAPProtocol;Hardcoded URLs using LDAP protocol;https://doc.casthighlight.com/CloudReady_Use_LDAPProtocol?auth=d60b925827840f206bb55c8cf0528887;Id_206;LDAPProtocol;
CSHARP;Use_UnSecuredAPI;Use of an unsecured API;https://doc.casthighlight.com/CloudReady_Use_UnSecuredAPI?auth=a41a6a8cf62d457c3d23be73ee10622b;Id_258;ApiUnsecured;
CSHARP;Use_Unsecured_Data_Strings;Use of an unsecured data string;https://doc.casthighlight.com/CloudReady_Use_Unsecured_Data_Strings?auth=a95df2c7851bf5dcfb8be6009c92e05a;Id_260;SensitiveDataString;
CSHARP;Detect_Use_Log4net;Detect usage of Log4Net;https://doc.casthighlight.com/CloudReady_Detect_Use_Log4net?auth=8594398ea8c84d2e9465ba5d71719d9e;Id_120;Log4Net;
CSHARP;Detect_Use_Log4net;Detect usage of Log4Net;https://doc.casthighlight.com/CloudReady_Detect_Use_Log4net?auth=8594398ea8c84d2e9465ba5d71719d9e;Id_1013;Log4NetConfig;
CSHARP;Use_System_ServiceProcess;Using System.ServiceProcess (Windows services);https://doc.casthighlight.com/CloudReady_Use_System_ServiceProcess?auth=99f3462874f6c5f6843333230888af04;Id_169;Using_SystemServiceProcess;
CSHARP;Use_EventLog;Using EventLog in System.Diagnostics namespace;https://doc.casthighlight.com/CloudReady_Use_EventLog?auth=e31fe54749aa47b3f2074d4b7bc57c4c;Id_1020;Config_EventLogTraceListener;
CSHARP;Use_EventLog;Using EventLog in System.Diagnostics namespace;https://doc.casthighlight.com/CloudReady_Use_EventLog?auth=e31fe54749aa47b3f2074d4b7bc57c4c;Id_168;New_EventLogTraceListener;
CSHARP;Use_EventLog;Using EventLog in System.Diagnostics namespace;https://doc.casthighlight.com/CloudReady_Use_EventLog?auth=e31fe54749aa47b3f2074d4b7bc57c4c;Id_167;New_EventLog;
CSHARP;Use_Sub_Processes;Using New Process in System.Diagnostics namespace;https://doc.casthighlight.com/CloudReady_Use_Sub_Processes?auth=cba316edded10277296df36ccd2fae09;Id_166;New_Process;Id_025&&Id_166
CSHARP;Use_Sub_Processes;Using New Process in System.Diagnostics namespace;https://doc.casthighlight.com/CloudReady_Use_Sub_Processes?auth=cba316edded10277296df36ccd2fae09;Id_025;UsingSystemDiagnostics;Id_025&&Id_166
JAVA;Use_Access_Control;Using Access Control List;https://doc.casthighlight.com/CloudReady_Use_Access_Control?auth=810dbb62ba6ce167e0e3a5425bf7691d;Id_059;Implements_AclFileAtributeView;
JAVA;Use_Access_Control;Using Access Control List;https://doc.casthighlight.com/CloudReady_Use_Access_Control?auth=810dbb62ba6ce167e0e3a5425bf7691d;Id_058;Import_JavaNioFileAttribute;
JAVA;Use_Configuration_Except_WebConfig;Using other configuration files than Web configuration;https://doc.casthighlight.com/CloudReady_Use_Configuration_Except_WebConfig?auth=98a8b0e4c774ab779a289c5f3935b9f2;Id_1000;ExtraConfFile;
JAVA;Application_Server_Dependencies;Application server dependencies;https://doc.casthighlight.com/CloudReady_Application_Server_Dependencies?auth=717803b2eb97af7a91afddac895932b0;Id_062;Import_Weblogic;
JAVA;Application_Server_Dependencies;Application server dependencies;https://doc.casthighlight.com/CloudReady_Application_Server_Dependencies?auth=717803b2eb97af7a91afddac895932b0;Id_061;Import_Jetty;
JAVA;Application_Server_Dependencies;Application server dependencies;https://doc.casthighlight.com/CloudReady_Application_Server_Dependencies?auth=717803b2eb97af7a91afddac895932b0;Id_063;Import_Websphere;
JAVA;Application_Server_Dependencies;Application server dependencies;https://doc.casthighlight.com/CloudReady_Application_Server_Dependencies?auth=717803b2eb97af7a91afddac895932b0;Id_060;Import_Tomcat;
JAVA;Use_File_System;Using file system;https://doc.casthighlight.com/CloudReady_Use_File_System?auth=b1fede2ca6e441c908b1f4563b375e0c;Id_057;HardCodedPath;
JAVA;Use_InterApplication_MiddleWare;Using a middleware application;https://doc.casthighlight.com/CloudReady_Use_InterApplication_MiddleWare?auth=0ee62b33e217f635b7cc26189cd0ea67;Id_045;UsingIBMWMQ;
JAVA;Use_InterApplication_MiddleWare;Using a middleware application;https://doc.casthighlight.com/CloudReady_Use_InterApplication_MiddleWare?auth=0ee62b33e217f635b7cc26189cd0ea67;Id_043;UsingRabbitMQClient;
JAVA;Use_InterApplication_MiddleWare;Using a middleware application;https://doc.casthighlight.com/CloudReady_Use_InterApplication_MiddleWare?auth=0ee62b33e217f635b7cc26189cd0ea67;Id_044;UsingTIBCOEMS;
JAVA;Use_InterApplication_MiddleWare;Using a middleware application;https://doc.casthighlight.com/CloudReady_Use_InterApplication_MiddleWare?auth=0ee62b33e217f635b7cc26189cd0ea67;Id_042;UsingSystemMessaging;
JAVA;Directory_Manipulation_Practice;Perform Directory Manipulation;https://doc.casthighlight.com/CloudReady_Directory_Manipulation_Practice?auth=977d0e61c5d240f729856db9d227aaf5;Id_092;Import_JavaIo;(Id_048||Id_052||Id_092)&&(Id_012||Id_049||Id_050||Id_055||Id_056||Id_013)
JAVA;Directory_Manipulation_Practice;Perform Directory Manipulation;https://doc.casthighlight.com/CloudReady_Directory_Manipulation_Practice?auth=977d0e61c5d240f729856db9d227aaf5;Id_012;DirectoryMove;(Id_048||Id_052||Id_092)&&(Id_012||Id_049||Id_050||Id_055||Id_056||Id_013)
JAVA;Directory_Manipulation_Practice;Perform Directory Manipulation;https://doc.casthighlight.com/CloudReady_Directory_Manipulation_Practice?auth=977d0e61c5d240f729856db9d227aaf5;Id_050;DirectoryCopy;(Id_048||Id_052||Id_092)&&(Id_012||Id_049||Id_050||Id_055||Id_056||Id_013)
JAVA;Directory_Manipulation_Practice;Perform Directory Manipulation;https://doc.casthighlight.com/CloudReady_Directory_Manipulation_Practice?auth=977d0e61c5d240f729856db9d227aaf5;Id_055;DirectoryCreate;(Id_048||Id_052||Id_092)&&(Id_012||Id_049||Id_050||Id_055||Id_056||Id_013)
JAVA;Directory_Manipulation_Practice;Perform Directory Manipulation;https://doc.casthighlight.com/CloudReady_Directory_Manipulation_Practice?auth=977d0e61c5d240f729856db9d227aaf5;Id_048;Import_OrgApacheCommonIoFileUtils;(Id_048||Id_052||Id_092)&&(Id_012||Id_049||Id_050||Id_055||Id_056||Id_013)
JAVA;Directory_Manipulation_Practice;Perform Directory Manipulation;https://doc.casthighlight.com/CloudReady_Directory_Manipulation_Practice?auth=977d0e61c5d240f729856db9d227aaf5;Id_052;Import_JavaIoFile;(Id_048||Id_052||Id_092)&&(Id_012||Id_049||Id_050||Id_055||Id_056||Id_013)
JAVA;Directory_Manipulation_Practice;Perform Directory Manipulation;https://doc.casthighlight.com/CloudReady_Directory_Manipulation_Practice?auth=977d0e61c5d240f729856db9d227aaf5;Id_013;DirectoryDelete;(Id_048||Id_052||Id_092)&&(Id_012||Id_049||Id_050||Id_055||Id_056||Id_013)
JAVA;Directory_Manipulation_Practice;Perform Directory Manipulation;https://doc.casthighlight.com/CloudReady_Directory_Manipulation_Practice?auth=977d0e61c5d240f729856db9d227aaf5;Id_049;DirectoryDelete_1;(Id_048||Id_052||Id_092)&&(Id_012||Id_049||Id_050||Id_055||Id_056||Id_013)
JAVA;Directory_Manipulation_Practice;Perform Directory Manipulation;https://doc.casthighlight.com/CloudReady_Directory_Manipulation_Practice?auth=977d0e61c5d240f729856db9d227aaf5;Id_056;IsDirectory;(Id_048||Id_052||Id_092)&&(Id_012||Id_049||Id_050||Id_055||Id_056||Id_013)
JAVA;File_Manipulation_Practice;Perform File Manipulation;https://doc.casthighlight.com/CloudReady_File_Manipulation_Practice?auth=7d30ba0f5aeddf312a92a715c1038f24;Id_092;Import_JavaIo;(Id_048||Id_052||Id_092)&&(Id_002||Id_004||Id_005||Id_051||Id_093||Id_094||Id_054||Id_003)
JAVA;File_Manipulation_Practice;Perform File Manipulation;https://doc.casthighlight.com/CloudReady_File_Manipulation_Practice?auth=7d30ba0f5aeddf312a92a715c1038f24;Id_004;FileDelete;(Id_048||Id_052||Id_092)&&(Id_002||Id_004||Id_005||Id_051||Id_093||Id_094||Id_054||Id_003)
JAVA;File_Manipulation_Practice;Perform File Manipulation;https://doc.casthighlight.com/CloudReady_File_Manipulation_Practice?auth=7d30ba0f5aeddf312a92a715c1038f24;Id_048;Import_OrgApacheCommonIoFileUtils;(Id_048||Id_052||Id_092)&&(Id_002||Id_004||Id_005||Id_051||Id_093||Id_094||Id_054||Id_003)
JAVA;File_Manipulation_Practice;Perform File Manipulation;https://doc.casthighlight.com/CloudReady_File_Manipulation_Practice?auth=7d30ba0f5aeddf312a92a715c1038f24;Id_052;Import_JavaIoFile;(Id_048||Id_052||Id_092)&&(Id_002||Id_004||Id_005||Id_051||Id_093||Id_094||Id_054||Id_003)
JAVA;File_Manipulation_Practice;Perform File Manipulation;https://doc.casthighlight.com/CloudReady_File_Manipulation_Practice?auth=7d30ba0f5aeddf312a92a715c1038f24;Id_002;FileMove;(Id_048||Id_052||Id_092)&&(Id_002||Id_004||Id_005||Id_051||Id_093||Id_094||Id_054||Id_003)
JAVA;File_Manipulation_Practice;Perform File Manipulation;https://doc.casthighlight.com/CloudReady_File_Manipulation_Practice?auth=7d30ba0f5aeddf312a92a715c1038f24;Id_093;New_File;(Id_048||Id_052||Id_092)&&(Id_002||Id_004||Id_005||Id_051||Id_093||Id_094||Id_054||Id_003)
JAVA;File_Manipulation_Practice;Perform File Manipulation;https://doc.casthighlight.com/CloudReady_File_Manipulation_Practice?auth=7d30ba0f5aeddf312a92a715c1038f24;Id_094;New_FileInputStream;(Id_048||Id_052||Id_092)&&(Id_002||Id_004||Id_005||Id_051||Id_093||Id_094||Id_054||Id_003)
JAVA;File_Manipulation_Practice;Perform File Manipulation;https://doc.casthighlight.com/CloudReady_File_Manipulation_Practice?auth=7d30ba0f5aeddf312a92a715c1038f24;Id_051;Write;(Id_048||Id_052||Id_092)&&(Id_002||Id_004||Id_005||Id_051||Id_093||Id_094||Id_054||Id_003)
JAVA;File_Manipulation_Practice;Perform File Manipulation;https://doc.casthighlight.com/CloudReady_File_Manipulation_Practice?auth=7d30ba0f5aeddf312a92a715c1038f24;Id_003;FileCreate;(Id_048||Id_052||Id_092)&&(Id_002||Id_004||Id_005||Id_051||Id_093||Id_094||Id_054||Id_003)
JAVA;File_Manipulation_Practice;Perform File Manipulation;https://doc.casthighlight.com/CloudReady_File_Manipulation_Practice?auth=7d30ba0f5aeddf312a92a715c1038f24;Id_005;FileCopy;(Id_048||Id_052||Id_092)&&(Id_002||Id_004||Id_005||Id_051||Id_093||Id_094||Id_054||Id_003)
JAVA;File_Manipulation_Practice;Perform File Manipulation;https://doc.casthighlight.com/CloudReady_File_Manipulation_Practice?auth=7d30ba0f5aeddf312a92a715c1038f24;Id_054;FileRename;(Id_048||Id_052||Id_092)&&(Id_002||Id_004||Id_005||Id_051||Id_093||Id_094||Id_054||Id_003)
JAVA;Access_To_Environment_Variable;Access to environment variable;https://doc.casthighlight.com/CloudReady_Access_To_Environment_Variable?auth=9a923ef56e8fe07e0d2f445742ca6666;Id_016;TempVarReading;
JAVA;Use_Impersonate_Identity;Using impersonate Identity;https://doc.casthighlight.com/CloudReady_Use_Impersonate_Identity?auth=aea8bc1659290977cdea52d0ef92fe13;Id_1011;PomXmlAdal4jDependency;Id_069&&Id_1011
JAVA;Use_Impersonate_Identity;Using impersonate Identity;https://doc.casthighlight.com/CloudReady_Use_Impersonate_Identity?auth=aea8bc1659290977cdea52d0ef92fe13;Id_069;Import_WaffleWindowsAuth;Id_069&&Id_1011
JAVA;Use_SecuredProtocols;Use of unsecured network protocols (HTTP, FTP);https://doc.casthighlight.com/CloudReady_Use_SecuredProtocols?auth=5af9b0822489b03c906db6b3d0009afe;Id_095;URINotSecured;
JAVA;Use_SecuredProtocolsHTTP;Use of unsecured network protocols (HTTP);https://doc.casthighlight.com/CloudReady_Use_SecuredProtocols?auth=5af9b0822489b03c906db6b3d0009afe;Id_117;URINotSecuredHTTP;
JAVA;Use_SecuredProtocolsFTP;Use of unsecured network protocols (FTP);https://doc.casthighlight.com/CloudReady_Use_SecuredProtocols?auth=5af9b0822489b03c906db6b3d0009afe;Id_118;URINotSecuredFTP;
JAVA;Use_Hardcoded_IP_Address;Using hardcoded network IP address (IPV4, IPV6);https://doc.casthighlight.com/CloudReady_Use_Hardcoded_IP_Address?auth=a6ab8fb4f9ec7a7c7452a9df1d0eef2f;Id_096;HardCodedIP;
JAVA;Use_Stateful_Session;Using stateful session (Servlet);https://doc.casthighlight.com/CloudReady_Use_Stateful_Session?auth=c9e6cc40b51dbb60fe2d69f6cea55530;Id_098;HttpSession_setAttribute;Id_097&&Id_098
JAVA;Use_Stateful_Session;Using stateful session (Servlet);https://doc.casthighlight.com/CloudReady_Use_Stateful_Session?auth=c9e6cc40b51dbb60fe2d69f6cea55530;Id_097;Import_JavaxServletHttpHttpSession;Id_097&&Id_098
JAVA;Use_Stateful_Session_Spring;Using stateful session (Spring);https://doc.casthighlight.com/CloudReady_Use_Stateful_Session_Spring?auth=e02ec4507a796d96f2a877fe3a677935;Id_100;Spring_SessionAttribute;
JAVA;Use_Stateful_Session_Spring;Using stateful session (Spring);https://doc.casthighlight.com/CloudReady_Use_Stateful_Session_Spring?auth=e02ec4507a796d96f2a877fe3a677935;Id_105;Spring_AnnotationForStatefulCompliantScopes;
JAVA;Use_Stateful_Session_Spring;Using stateful session (Spring);https://doc.casthighlight.com/CloudReady_Use_Stateful_Session_Spring?auth=e02ec4507a796d96f2a877fe3a677935;Id_1012;Spring_XmlConfForStatefulCompliantScopes;
JAVA;Use_HTTPProtocol;Hardcoded URLs using HTTP protocol;https://doc.casthighlight.com/CloudReady_Use_HTTPProtocol?auth=80fbdfd1a7565f85e9e64933f6f8fcde;Id_189;HTTPProtocol;
JAVA;Use_FTPProtocol;Hardcoded URLs using FTP protocol;https://doc.casthighlight.com/CloudReady_Use_FTPProtocol?auth=357ac5f20e3f9258765cda4c517f810a;Id_205;FTPProtocol;
JAVA;Use_LDAPProtocol;Hardcoded URLs using LDAP protocol;https://doc.casthighlight.com/CloudReady_Use_LDAPProtocol?auth=d60b925827840f206bb55c8cf0528887;Id_206;LDAPProtocol;
JAVA;Use_Unsecured_Data_Strings;Use of an unsecured data string;https://doc.casthighlight.com/CloudReady_Use_Unsecured_Data_Strings?auth=a95df2c7851bf5dcfb8be6009c92e05a;Id_260;SensitiveDataString;
JAVA;Use_CDI_Beans_Configuration;Using CDI Beans Configuration;https://doc.casthighlight.com/CloudReady_Use_CDI_Beans_Configuration?auth=37c8493b1d08520d98867c58d5cba576;Id_1019;CDIBeansConfiguration;
JAVA;Use_Weblogic;Using Oracle WebLogic;https://doc.casthighlight.com/CloudReady_Use_Weblogic?auth=b9d93b480e0cb3b872391100a86397eb;Id_1015;WeblogicConfiguration;
JAVA;Use_Weblogic;Using Oracle WebLogic;https://doc.casthighlight.com/CloudReady_Use_Weblogic?auth=b9d93b480e0cb3b872391100a86397eb;Id_062;Import_Weblogic;
JAVA;Use_Websphere;Using IBM WebSphere;https://doc.casthighlight.com/CloudReady_Use_Websphere?auth=c3e61d1ad39d034908617ffd556ad50e;Id_1016;WebsphereConfiguration;
JAVA;Use_Websphere;Using IBM WebSphere;https://doc.casthighlight.com/CloudReady_Use_Websphere?auth=c3e61d1ad39d034908617ffd556ad50e;Id_063;Import_Websphere;
JAVA;Use_JBoss;Using JBoss Application Server;https://doc.casthighlight.com/CloudReady_Use_JBoss?auth=96e849d14d676bfdd245057496d6e1cd;Id_1017;JBossConfiguration;
JAVA;Use_JBoss;Using JBoss Application Server;https://doc.casthighlight.com/CloudReady_Use_JBoss?auth=96e849d14d676bfdd245057496d6e1cd;Id_149;Import_Jboss;
JAVA;Use_JEEConfiguration;Using JEE Configuration;https://doc.casthighlight.com/CloudReady_Use_JEEConfiguration?auth=1699cb8869dcba150413430a8a31e1ca;Id_1018;JEEConfiguration;
JS;Use_Access_Control;Using Access Control List;https://doc.casthighlight.com/CloudReady_Use_Access_Control?auth=810dbb62ba6ce167e0e3a5425bf7691d;Id_071;New_AccessControlList;
JS;Use_Crypto_API;Using Crypto API;https://doc.casthighlight.com/CloudReady_Use_Crypto_API?auth=83196fa77e7a35409d833d7b4cc41b16;Id_064;UsingSystemSecurityCryptography;
JS;Directory_Manipulation_Practice;Perform Directory Manipulation;https://doc.casthighlight.com/CloudReady_Directory_Manipulation_Practice?auth=977d0e61c5d240f729856db9d227aaf5;Id_171;DirectoryCurrent;
JS;Directory_Manipulation_Practice;Perform Directory Manipulation;https://doc.casthighlight.com/CloudReady_Directory_Manipulation_Practice?auth=977d0e61c5d240f729856db9d227aaf5;Id_173;DirectoryChange;
JS;Directory_Manipulation_Practice;Perform Directory Manipulation;https://doc.casthighlight.com/CloudReady_Directory_Manipulation_Practice?auth=977d0e61c5d240f729856db9d227aaf5;Id_124;Path;
JS;Directory_Manipulation_Practice;Perform Directory Manipulation;https://doc.casthighlight.com/CloudReady_Directory_Manipulation_Practice?auth=977d0e61c5d240f729856db9d227aaf5;Id_014;DirectoryExists;
JS;File_Manipulation_Practice;Perform File Manipulation;https://doc.casthighlight.com/CloudReady_File_Manipulation_Practice?auth=7d30ba0f5aeddf312a92a715c1038f24;Id_009;Open;
JS;File_Manipulation_Practice;Perform File Manipulation;https://doc.casthighlight.com/CloudReady_File_Manipulation_Practice?auth=7d30ba0f5aeddf312a92a715c1038f24;Id_094;New_FileInputStream;
JS;File_Manipulation_Practice;Perform File Manipulation;https://doc.casthighlight.com/CloudReady_File_Manipulation_Practice?auth=7d30ba0f5aeddf312a92a715c1038f24;Id_002;FileMove;
JS;File_Manipulation_Practice;Perform File Manipulation;https://doc.casthighlight.com/CloudReady_File_Manipulation_Practice?auth=7d30ba0f5aeddf312a92a715c1038f24;Id_005;FileCopy;
JS;Access_To_Environment_Variable;Access to environment variable;https://doc.casthighlight.com/CloudReady_Access_To_Environment_Variable?auth=9a923ef56e8fe07e0d2f445742ca6666;Id_174;EnvironmentVariable;
JS;Use_SecuredProtocols;Use of unsecured network protocols (HTTP, FTP);https://doc.casthighlight.com/CloudReady_Use_SecuredProtocols?auth=5af9b0822489b03c906db6b3d0009afe;Id_095;URINotSecured;
JS;Use_SecuredProtocolsHTTP;Use of unsecured network protocols (HTTP);https://doc.casthighlight.com/CloudReady_Use_SecuredProtocols?auth=5af9b0822489b03c906db6b3d0009afe;Id_117;URINotSecuredHTTP;
JS;Use_SecuredProtocolsFTP;Use of unsecured network protocols (FTP);https://doc.casthighlight.com/CloudReady_Use_SecuredProtocols?auth=5af9b0822489b03c906db6b3d0009afe;Id_118;URINotSecuredFTP;
JS;Use_Hardcoded_IP_Address;Using hardcoded network IP address (IPV4, IPV6);https://doc.casthighlight.com/CloudReady_Use_Hardcoded_IP_Address?auth=a6ab8fb4f9ec7a7c7452a9df1d0eef2f;Id_096;HardCodedIP;
JS;Avoid_Code_Skipped;Avoid code that can accidentally get skipped;https://doc.casthighlight.com/CloudReady_Avoid_Code_Skipped?auth=94e670f791965b4558517210c370b065;Id_125;CodeSkipped;
JS;Use_Sub_Processes;Using New Process in System.Diagnostics namespace;https://doc.casthighlight.com/CloudReady_Use_Sub_Processes?auth=cba316edded10277296df36ccd2fae09;Id_166;New_Process;
PHP;Use_File_System;Using file system;https://doc.casthighlight.com/CloudReady_Use_File_System?auth=b1fede2ca6e441c908b1f4563b375e0c;Id_057;HardCodedPath;
PHP;Directory_Manipulation_Practice;Perform Directory Manipulation;https://doc.casthighlight.com/CloudReady_Directory_Manipulation_Practice?auth=977d0e61c5d240f729856db9d227aaf5;Id_171;DirectoryCurrent;
PHP;Directory_Manipulation_Practice;Perform Directory Manipulation;https://doc.casthighlight.com/CloudReady_Directory_Manipulation_Practice?auth=977d0e61c5d240f729856db9d227aaf5;Id_172;DirectoryAccess;
PHP;Directory_Manipulation_Practice;Perform Directory Manipulation;https://doc.casthighlight.com/CloudReady_Directory_Manipulation_Practice?auth=977d0e61c5d240f729856db9d227aaf5;Id_011;DirectoryCreateDirectory;
PHP;Directory_Manipulation_Practice;Perform Directory Manipulation;https://doc.casthighlight.com/CloudReady_Directory_Manipulation_Practice?auth=977d0e61c5d240f729856db9d227aaf5;Id_173;DirectoryChange;
PHP;Directory_Manipulation_Practice;Perform Directory Manipulation;https://doc.casthighlight.com/CloudReady_Directory_Manipulation_Practice?auth=977d0e61c5d240f729856db9d227aaf5;Id_012;DirectoryMove;
PHP;Directory_Manipulation_Practice;Perform Directory Manipulation;https://doc.casthighlight.com/CloudReady_Directory_Manipulation_Practice?auth=977d0e61c5d240f729856db9d227aaf5;Id_013;DirectoryDelete;
PHP;Directory_Manipulation_Practice;Perform Directory Manipulation;https://doc.casthighlight.com/CloudReady_Directory_Manipulation_Practice?auth=977d0e61c5d240f729856db9d227aaf5;Id_014;DirectoryExists;
PHP;File_Manipulation_Practice;Perform File Manipulation;https://doc.casthighlight.com/CloudReady_File_Manipulation_Practice?auth=7d30ba0f5aeddf312a92a715c1038f24;Id_004;FileDelete;
PHP;File_Manipulation_Practice;Perform File Manipulation;https://doc.casthighlight.com/CloudReady_File_Manipulation_Practice?auth=7d30ba0f5aeddf312a92a715c1038f24;Id_009;Open;
PHP;File_Manipulation_Practice;Perform File Manipulation;https://doc.casthighlight.com/CloudReady_File_Manipulation_Practice?auth=7d30ba0f5aeddf312a92a715c1038f24;Id_002;FileMove;
PHP;File_Manipulation_Practice;Perform File Manipulation;https://doc.casthighlight.com/CloudReady_File_Manipulation_Practice?auth=7d30ba0f5aeddf312a92a715c1038f24;Id_094;New_FileInputStream;
PHP;File_Manipulation_Practice;Perform File Manipulation;https://doc.casthighlight.com/CloudReady_File_Manipulation_Practice?auth=7d30ba0f5aeddf312a92a715c1038f24;Id_051;Write;
PHP;File_Manipulation_Practice;Perform File Manipulation;https://doc.casthighlight.com/CloudReady_File_Manipulation_Practice?auth=7d30ba0f5aeddf312a92a715c1038f24;Id_005;FileCopy;
PHP;File_Manipulation_Practice;Perform File Manipulation;https://doc.casthighlight.com/CloudReady_File_Manipulation_Practice?auth=7d30ba0f5aeddf312a92a715c1038f24;Id_006;FileExists;
PHP;Access_To_Environment_Variable;Access to environment variable;https://doc.casthighlight.com/CloudReady_Access_To_Environment_Variable?auth=9a923ef56e8fe07e0d2f445742ca6666;Id_174;EnvironmentVariable;
PHP;Use_SecuredProtocols;Use of unsecured network protocols (HTTP, FTP);https://doc.casthighlight.com/CloudReady_Use_SecuredProtocols?auth=5af9b0822489b03c906db6b3d0009afe;Id_095;URINotSecured;
PHP;Use_SecuredProtocolsHTTP;Use of unsecured network protocols (HTTP);https://doc.casthighlight.com/CloudReady_Use_SecuredProtocols?auth=5af9b0822489b03c906db6b3d0009afe;Id_117;URINotSecuredHTTP;
PHP;Use_SecuredProtocolsFTP;Use of unsecured network protocols (FTP);https://doc.casthighlight.com/CloudReady_Use_SecuredProtocols?auth=5af9b0822489b03c906db6b3d0009afe;Id_118;URINotSecuredFTP;
PHP;Use_Hardcoded_IP_Address;Using hardcoded network IP address (IPV4, IPV6);https://doc.casthighlight.com/CloudReady_Use_Hardcoded_IP_Address?auth=a6ab8fb4f9ec7a7c7452a9df1d0eef2f;Id_096;HardCodedIP;
PHP;Launch_Sub_Processes;Launching sub processes;https://doc.casthighlight.com/CloudReady_Launch_Sub_Processes?auth=5289f98da9ba3d4e0ab3b7ccaa0113da;Id_170;LaunchSubProcess;
PHP;DB_Access_MySQL;Using MySQL commands deprecated;https://doc.casthighlight.com/CloudReady_DB_Access_MySQL?auth=8a0c9ebed2e36b0f9b7b33d9e770cea6;Id_179;DBAccessMySQL;
PHP;Use_Stateful_Session;Using stateful session (Servlet);https://doc.casthighlight.com/CloudReady_Use_Stateful_Session?auth=c9e6cc40b51dbb60fe2d69f6cea55530;Id_261;ServletPHP;
TSQL;Use_SQL_Semantic_Search_AZU;Using semantic search (SEMANTICKEYPHRASETABLE) - Not supported in Azure SQL Database;https://doc.casthighlight.com/CloudReady_Use_SQL_Semantic_Search?auth=481a0da961721eeb99c0705d2ff43aa3;Id_135;SEMANTICKEYPHRASETABLE;
TSQL;Use_SQL_FnMyPermissions_AZU;Using function 'fn_my_permissions' - Not supported in Azure SQL Database;https://doc.casthighlight.com/CloudReady_Use_SQL_FnMyPermissions?auth=21a96d1e4f31382fe2474ec4595585b5;Id_130;Fn_my_permissions;
TSQL;Use_SQL_SpAddMessage_AZU;Using function 'sp_addmessage' - Not supported in Azure SQL Database;https://doc.casthighlight.com/CloudReady_Use_SQL_SpAddMessage?auth=b762442b5d3e12ce3ea4e8ad64ed5b27;Id_131;Sp_addmessage;
TSQL;Use_SQL_Get_VirtualServerNodes;Using  functions 'fn_get_sql', 'fn_virtualservernodes' - Not supported in Azure SQL Database;https://doc.casthighlight.com/CloudReady_Use_SQL_Get_VirtualServerNodes?auth=8ecfdb5c6eeaae8d5ca1c7ec7818cc1f;Id_132;Fn_get_sql;
TSQL;Use_SQL_Get_VirtualServerNodes;Using  functions 'fn_get_sql', 'fn_virtualservernodes' - Not supported in Azure SQL Database;https://doc.casthighlight.com/CloudReady_Use_SQL_Get_VirtualServerNodes?auth=8ecfdb5c6eeaae8d5ca1c7ec7818cc1f;Id_134;Fn_virtualservernodes;
TSQL;Use_SQL_Open_Functions_AZU;Using OPEN functions ('OPENQUERY', 'OPENROWSET', 'OPENDATASOURCE') - Not supported in Azure SQL Database;https://doc.casthighlight.com/CloudReady_Use_SQL_Open_Functions?auth=52d2725f1ad012cfddb22e17b4e3db96;Id_136;OPENQUERY;
TSQL;Use_SQL_Open_Functions_AZU;Using OPEN functions ('OPENQUERY', 'OPENROWSET', 'OPENDATASOURCE') - Not supported in Azure SQL Database;https://doc.casthighlight.com/CloudReady_Use_SQL_Open_Functions?auth=52d2725f1ad012cfddb22e17b4e3db96;Id_138;OPENDATASOURCE;
TSQL;Use_SQL_Open_Functions_AZU;Using OPEN functions ('OPENQUERY', 'OPENROWSET', 'OPENDATASOURCE') - Not supported in Azure SQL Database;https://doc.casthighlight.com/CloudReady_Use_SQL_Open_Functions?auth=52d2725f1ad012cfddb22e17b4e3db96;Id_137;OPENROWSET;
TSQL;Use_SQL_USE_Statements_AZU;Using USE statements - Not supported in Azure SQL Database;https://doc.casthighlight.com/CloudReady_Use_SQL_USE_Statements?auth=03a9950a67f9525543c65457ea3f89da;Id_139;USE_statement;
TSQL;Use_SQL_CREATE_CREDENTIAL_AZU;Using function 'CREATE CREDENTIAL' - Not supported in Azure SQL Database;https://doc.casthighlight.com/CloudReady_Use_SQL_CREATE_CREDENTIAL?auth=6e2e8089ec616f0edb3611bd5545c6ba;Id_140;CreateCredential;
TSQL;Use_SQL_ALTER_DATABASE_AZU;Using function 'ALTER DATABASE' - Not supported in Azure SQL Database;https://doc.casthighlight.com/CloudReady_Use_SQL_ALTER_DATABASE?auth=fdfd7c3a871cd82d3d0c973ea0a143af;Id_141;AlterDatabase;
VB;Use_Access_Control;Using Access Control List;https://doc.casthighlight.com/CloudReady_Use_Access_Control?auth=810dbb62ba6ce167e0e3a5425bf7691d;Id_041;FileSetAccessControl;Id_039&&(Id_040||Id_041)
VB;Use_Access_Control;Using Access Control List;https://doc.casthighlight.com/CloudReady_Use_Access_Control?auth=810dbb62ba6ce167e0e3a5425bf7691d;Id_039;UsingSystemSecurityAccessControl;Id_039&&(Id_040||Id_041)
VB;Use_Access_Control;Using Access Control List;https://doc.casthighlight.com/CloudReady_Use_Access_Control?auth=810dbb62ba6ce167e0e3a5425bf7691d;Id_040;FileGetAccessControl;Id_039&&(Id_040||Id_041)
VB;Use_Configuration_Except_WebConfig;Using other configuration files than Web configuration;https://doc.casthighlight.com/CloudReady_Use_Configuration_Except_WebConfig?auth=98a8b0e4c774ab779a289c5f3935b9f2;Id_1000;ExtraConfFile;
VB;Use_COM_Components;Using COM Components;https://doc.casthighlight.com/CloudReady_Use_COM_Components?auth=8be7db437e87a1835d1e4e3f58b2f937;Id_1008;CsprojCOMReferenceInclude;
VB;Use_COM_Components;Using COM Components;https://doc.casthighlight.com/CloudReady_Use_COM_Components?auth=8be7db437e87a1835d1e4e3f58b2f937;Id_046;ComImport;
VB;Use_COM_Components;Using COM Components;https://doc.casthighlight.com/CloudReady_Use_COM_Components?auth=8be7db437e87a1835d1e4e3f58b2f937;Id_047;UsingSystemRuntimeInteropServices;
VB;Use_Crypto_API;Using Crypto API;https://doc.casthighlight.com/CloudReady_Use_Crypto_API?auth=83196fa77e7a35409d833d7b4cc41b16;Id_064;UsingSystemSecurityCryptography;
VB;Use_File_System;Using file system;https://doc.casthighlight.com/CloudReady_Use_File_System?auth=b1fede2ca6e441c908b1f4563b375e0c;Id_057;HardCodedPath;
VB;Use_OS_Dependency;Using system DLLs;https://doc.casthighlight.com/CloudReady_Use_OS_Dependency?auth=c3085dd64ed56376c64524d05272de5d;Id_038;DllImport;
VB;Use_InterApplication_MiddleWare;Using a middleware application;https://doc.casthighlight.com/CloudReady_Use_InterApplication_MiddleWare?auth=0ee62b33e217f635b7cc26189cd0ea67;Id_045;UsingIBMWMQ;
VB;Use_InterApplication_MiddleWare;Using a middleware application;https://doc.casthighlight.com/CloudReady_Use_InterApplication_MiddleWare?auth=0ee62b33e217f635b7cc26189cd0ea67;Id_043;UsingRabbitMQClient;
VB;Use_InterApplication_MiddleWare;Using a middleware application;https://doc.casthighlight.com/CloudReady_Use_InterApplication_MiddleWare?auth=0ee62b33e217f635b7cc26189cd0ea67;Id_044;UsingTIBCOEMS;
VB;Use_InterApplication_MiddleWare;Using a middleware application;https://doc.casthighlight.com/CloudReady_Use_InterApplication_MiddleWare?auth=0ee62b33e217f635b7cc26189cd0ea67;Id_042;UsingSystemMessaging;
VB;Directory_Manipulation_Practice;Perform Directory Manipulation;https://doc.casthighlight.com/CloudReady_Directory_Manipulation_Practice?auth=977d0e61c5d240f729856db9d227aaf5;Id_011;DirectoryCreateDirectory;Id_001&&(Id_011||Id_013||Id_014)
VB;Directory_Manipulation_Practice;Perform Directory Manipulation;https://doc.casthighlight.com/CloudReady_Directory_Manipulation_Practice?auth=977d0e61c5d240f729856db9d227aaf5;Id_012;DirectoryMove;Id_001&&(Id_011||Id_013||Id_014)
VB;Directory_Manipulation_Practice;Perform Directory Manipulation;https://doc.casthighlight.com/CloudReady_Directory_Manipulation_Practice?auth=977d0e61c5d240f729856db9d227aaf5;Id_001;UsingSystemIO;Id_001&&(Id_011||Id_013||Id_014)
VB;Directory_Manipulation_Practice;Perform Directory Manipulation;https://doc.casthighlight.com/CloudReady_Directory_Manipulation_Practice?auth=977d0e61c5d240f729856db9d227aaf5;Id_013;DirectoryDelete;Id_001&&(Id_011||Id_013||Id_014)
VB;Directory_Manipulation_Practice;Perform Directory Manipulation;https://doc.casthighlight.com/CloudReady_Directory_Manipulation_Practice?auth=977d0e61c5d240f729856db9d227aaf5;Id_014;DirectoryExists;Id_001&&(Id_011||Id_013||Id_014)
VB;File_Manipulation_Practice;Perform File Manipulation;https://doc.casthighlight.com/CloudReady_File_Manipulation_Practice?auth=7d30ba0f5aeddf312a92a715c1038f24;Id_004;FileDelete;Id_001&&(Id_002||Id_003||Id_004||Id_005||Id_006)
VB;File_Manipulation_Practice;Perform File Manipulation;https://doc.casthighlight.com/CloudReady_File_Manipulation_Practice?auth=7d30ba0f5aeddf312a92a715c1038f24;Id_009;Open;Id_001&&(Id_002||Id_003||Id_004||Id_005||Id_006)
VB;File_Manipulation_Practice;Perform File Manipulation;https://doc.casthighlight.com/CloudReady_File_Manipulation_Practice?auth=7d30ba0f5aeddf312a92a715c1038f24;Id_001;UsingSystemIO;Id_001&&(Id_002||Id_003||Id_004||Id_005||Id_006)
VB;File_Manipulation_Practice;Perform File Manipulation;https://doc.casthighlight.com/CloudReady_File_Manipulation_Practice?auth=7d30ba0f5aeddf312a92a715c1038f24;Id_002;FileMove;Id_001&&(Id_002||Id_003||Id_004||Id_005||Id_006)
VB;File_Manipulation_Practice;Perform File Manipulation;https://doc.casthighlight.com/CloudReady_File_Manipulation_Practice?auth=7d30ba0f5aeddf312a92a715c1038f24;Id_003;FileCreate;Id_001&&(Id_002||Id_003||Id_004||Id_005||Id_006)
VB;File_Manipulation_Practice;Perform File Manipulation;https://doc.casthighlight.com/CloudReady_File_Manipulation_Practice?auth=7d30ba0f5aeddf312a92a715c1038f24;Id_005;FileCopy;Id_001&&(Id_002||Id_003||Id_004||Id_005||Id_006)
VB;File_Manipulation_Practice;Perform File Manipulation;https://doc.casthighlight.com/CloudReady_File_Manipulation_Practice?auth=7d30ba0f5aeddf312a92a715c1038f24;Id_008;FileDecrypt;Id_001&&(Id_002||Id_003||Id_004||Id_005||Id_006)
VB;File_Manipulation_Practice;Perform File Manipulation;https://doc.casthighlight.com/CloudReady_File_Manipulation_Practice?auth=7d30ba0f5aeddf312a92a715c1038f24;Id_006;FileExists;Id_001&&(Id_002||Id_003||Id_004||Id_005||Id_006)
VB;File_Manipulation_Practice;Perform File Manipulation;https://doc.casthighlight.com/CloudReady_File_Manipulation_Practice?auth=7d30ba0f5aeddf312a92a715c1038f24;Id_007;FileEncrypt;Id_001&&(Id_002||Id_003||Id_004||Id_005||Id_006)
VB;Use_Registry_Class;Using Windows registry;https://doc.casthighlight.com/CloudReady_Use_Registry_Class?auth=9b5086387d20f4ebc0bf5ec1eb6ca967;Id_022;RegistrySetValue;Id_020&&(Id_021||Id_022)
VB;Use_Registry_Class;Using Windows registry;https://doc.casthighlight.com/CloudReady_Use_Registry_Class?auth=9b5086387d20f4ebc0bf5ec1eb6ca967;Id_021;RegistryGetValue;Id_020&&(Id_021||Id_022)
VB;Use_Registry_Class;Using Windows registry;https://doc.casthighlight.com/CloudReady_Use_Registry_Class?auth=9b5086387d20f4ebc0bf5ec1eb6ca967;Id_020;UsingMicrosoftWin32;Id_020&&(Id_021||Id_022)
VB;Use_ConnectionStrings;Using connection strings for database connection;https://doc.casthighlight.com/CloudReady_Use_ConnectionStrings?auth=f6415a2c3eebbd34abe335f5f5848a26;Id_018;UsingSystemConfiguration;Id_018&&Id_034
VB;Use_ConnectionStrings;Using connection strings for database connection;https://doc.casthighlight.com/CloudReady_Use_ConnectionStrings?auth=f6415a2c3eebbd34abe335f5f5848a26;Id_034;ConfigurationManagerConnectionStrings;Id_018&&Id_034
VB;Access_To_Environment_Variable;Access to environment variable;https://doc.casthighlight.com/CloudReady_Access_To_Environment_Variable?auth=9a923ef56e8fe07e0d2f445742ca6666;Id_017;TempVarExpanding;Id_015&&(Id_016||Id_017)
VB;Access_To_Environment_Variable;Access to environment variable;https://doc.casthighlight.com/CloudReady_Access_To_Environment_Variable?auth=9a923ef56e8fe07e0d2f445742ca6666;Id_015;UsingSystem;Id_015&&(Id_016||Id_017)
VB;Access_To_Environment_Variable;Access to environment variable;https://doc.casthighlight.com/CloudReady_Access_To_Environment_Variable?auth=9a923ef56e8fe07e0d2f445742ca6666;Id_016;TempVarReading;Id_015&&(Id_016||Id_017)
VB;Use_GetTempPath;Using GetTempPath;https://doc.casthighlight.com/CloudReady_Use_GetTempPath?auth=df790f89728ccdd41e5d153f2d2e1a8d;Id_010;GetTempPath;Id_001&&Id_010
VB;Use_GetTempPath;Using GetTempPath;https://doc.casthighlight.com/CloudReady_Use_GetTempPath?auth=df790f89728ccdd41e5d153f2d2e1a8d;Id_001;UsingSystemIO;Id_001&&Id_010
VB;Use_Impersonate_Identity;Using impersonate Identity;https://doc.casthighlight.com/CloudReady_Use_Impersonate_Identity?auth=aea8bc1659290977cdea52d0ef92fe13;Id_1007;WebConfigIdentityImpersonateTrue;Id_1007&&Id_037
VB;Use_Impersonate_Identity;Using impersonate Identity;https://doc.casthighlight.com/CloudReady_Use_Impersonate_Identity?auth=aea8bc1659290977cdea52d0ef92fe13;Id_037;ImpersonationOption;Id_1007&&Id_037
VB;Use_WebForm_Authentication;Using Webform Authentication;https://doc.casthighlight.com/CloudReady_Use_WebForm_Authentication?auth=bf99e8d936e5c6120fcf2c4d4bd46b4a;Id_1003;WebConfigAuthenticationForm;
VB;Use_Windows_Authentication;Use of Windows Authentication;https://doc.casthighlight.com/CloudReady_Use_Windows_Authentication?auth=779ce85316890b160038fea2fcf589cc;Id_1004;WebConfigAuthenticationWindows;
VB;Use_SecuredProtocols;Use of unsecured network protocols (HTTP, FTP);https://doc.casthighlight.com/CloudReady_Use_SecuredProtocols?auth=5af9b0822489b03c906db6b3d0009afe;Id_095;URINotSecured;
VB;Use_SecuredProtocolsHTTP;Use of unsecured network protocols (HTTP);https://doc.casthighlight.com/CloudReady_Use_SecuredProtocols?auth=5af9b0822489b03c906db6b3d0009afe;Id_117;URINotSecuredHTTP;
VB;Use_SecuredProtocolsFTP;Use of unsecured network protocols (FTP);https://doc.casthighlight.com/CloudReady_Use_SecuredProtocols?auth=5af9b0822489b03c906db6b3d0009afe;Id_118;URINotSecuredFTP;
VB;Use_Hardcoded_IP_Address;Using hardcoded network IP address (IPV4, IPV6);https://doc.casthighlight.com/CloudReady_Use_Hardcoded_IP_Address?auth=a6ab8fb4f9ec7a7c7452a9df1d0eef2f;Id_096;HardCodedIP;
VB;Use_Stateful_Session;Using stateful session (Servlet);https://doc.casthighlight.com/CloudReady_Use_Stateful_Session?auth=c9e6cc40b51dbb60fe2d69f6cea55530;Id_098;HttpSession_setAttribute;Id_097&&Id_098
VB;Use_Stateful_Session;Using stateful session (Servlet);https://doc.casthighlight.com/CloudReady_Use_Stateful_Session?auth=c9e6cc40b51dbb60fe2d69f6cea55530;Id_097;Import_JavaxServletHttpHttpSession;Id_097&&Id_098
VB;Use_Auto_Generated_Machine_Key;Using auto generated Machine Key;https://doc.casthighlight.com/CloudReady_Use_Auto_Generated_Machine_Key?auth=601eea19215b5e80e4c239b6cdecf3e3;Id_1021;MachineKey_ValidationKey_AutoGenerate;
VB;Use_SQL_Database_Unsecure_Authentication;Use an unsecured connection string;https://doc.casthighlight.com/CloudReady_Use_SQL_Database_Unsecure_Authentication?auth=e73794da33ccf78bf3dcfed9b79d558a;Id_164;SQLDatabaseUnsecureAuthentication;
VB;Use_HTTPProtocol;Hardcoded URLs using HTTP protocol;https://doc.casthighlight.com/CloudReady_Use_HTTPProtocol?auth=80fbdfd1a7565f85e9e64933f6f8fcde;Id_189;HTTPProtocol;
VB;Use_FTPProtocol;Hardcoded URLs using FTP protocol;https://doc.casthighlight.com/CloudReady_Use_FTPProtocol?auth=357ac5f20e3f9258765cda4c517f810a;Id_205;FTPProtocol;
VB;Use_LDAPProtocol;Hardcoded URLs using LDAP protocol;https://doc.casthighlight.com/CloudReady_Use_LDAPProtocol?auth=d60b925827840f206bb55c8cf0528887;Id_206;LDAPProtocol;
VB;Use_Unsecured_Data_Strings;Use of an unsecured data string;https://doc.casthighlight.com/CloudReady_Use_Unsecured_Data_Strings?auth=a95df2c7851bf5dcfb8be6009c92e05a;Id_260;SensitiveDataString;
VB;Detect_Use_Log4net;Detect usage of Log4Net;https://doc.casthighlight.com/CloudReady_Detect_Use_Log4net?auth=8594398ea8c84d2e9465ba5d71719d9e;Id_120;Log4Net;
VB;Detect_Use_Log4net;Detect usage of Log4Net;https://doc.casthighlight.com/CloudReady_Detect_Use_Log4net?auth=8594398ea8c84d2e9465ba5d71719d9e;Id_1013;Log4NetConfig;
VB;Use_System_ServiceProcess;Using System.ServiceProcess (Windows services);https://doc.casthighlight.com/CloudReady_Use_System_ServiceProcess?auth=99f3462874f6c5f6843333230888af04;Id_169;Using_SystemServiceProcess;
VB;Use_EventLog;Using EventLog in System.Diagnostics namespace;https://doc.casthighlight.com/CloudReady_Use_EventLog?auth=e31fe54749aa47b3f2074d4b7bc57c4c;Id_1020;Config_EventLogTraceListener;
VB;Use_EventLog;Using EventLog in System.Diagnostics namespace;https://doc.casthighlight.com/CloudReady_Use_EventLog?auth=e31fe54749aa47b3f2074d4b7bc57c4c;Id_168;New_EventLogTraceListener;
VB;Use_EventLog;Using EventLog in System.Diagnostics namespace;https://doc.casthighlight.com/CloudReady_Use_EventLog?auth=e31fe54749aa47b3f2074d4b7bc57c4c;Id_167;New_EventLog;
VB;Use_Sub_Processes;Using New Process in System.Diagnostics namespace;https://doc.casthighlight.com/CloudReady_Use_Sub_Processes?auth=cba316edded10277296df36ccd2fae09;Id_166;New_Process;Id_025&&Id_166
VB;Use_Sub_Processes;Using New Process in System.Diagnostics namespace;https://doc.casthighlight.com/CloudReady_Use_Sub_Processes?auth=cba316edded10277296df36ccd2fae09;Id_025;UsingSystemDiagnostics;Id_025&&Id_166
PYTHON;Use_File_System;Using file system;https://doc.casthighlight.com/CloudReady_Use_File_System?auth=b1fede2ca6e441c908b1f4563b375e0c;Id_057;HardCodedPath;
PYTHON;Directory_Manipulation_Practice;Perform Directory Manipulation;https://doc.casthighlight.com/CloudReady_Directory_Manipulation_Practice?auth=977d0e61c5d240f729856db9d227aaf5;Id_171;DirectoryCurrent;
PYTHON;Directory_Manipulation_Practice;Perform Directory Manipulation;https://doc.casthighlight.com/CloudReady_Directory_Manipulation_Practice?auth=977d0e61c5d240f729856db9d227aaf5;Id_172;DirectoryAccess;
PYTHON;Directory_Manipulation_Practice;Perform Directory Manipulation;https://doc.casthighlight.com/CloudReady_Directory_Manipulation_Practice?auth=977d0e61c5d240f729856db9d227aaf5;Id_011;DirectoryCreateDirectory;
PYTHON;Directory_Manipulation_Practice;Perform Directory Manipulation;https://doc.casthighlight.com/CloudReady_Directory_Manipulation_Practice?auth=977d0e61c5d240f729856db9d227aaf5;Id_173;DirectoryChange;
PYTHON;Directory_Manipulation_Practice;Perform Directory Manipulation;https://doc.casthighlight.com/CloudReady_Directory_Manipulation_Practice?auth=977d0e61c5d240f729856db9d227aaf5;Id_012;DirectoryMove;
PYTHON;Directory_Manipulation_Practice;Perform Directory Manipulation;https://doc.casthighlight.com/CloudReady_Directory_Manipulation_Practice?auth=977d0e61c5d240f729856db9d227aaf5;Id_050;DirectoryCopy;
PYTHON;Directory_Manipulation_Practice;Perform Directory Manipulation;https://doc.casthighlight.com/CloudReady_Directory_Manipulation_Practice?auth=977d0e61c5d240f729856db9d227aaf5;Id_013;DirectoryDelete;
PYTHON;Directory_Manipulation_Practice;Perform Directory Manipulation;https://doc.casthighlight.com/CloudReady_Directory_Manipulation_Practice?auth=977d0e61c5d240f729856db9d227aaf5;Id_014;DirectoryExists;
PYTHON;File_Manipulation_Practice;Perform File Manipulation;https://doc.casthighlight.com/CloudReady_File_Manipulation_Practice?auth=7d30ba0f5aeddf312a92a715c1038f24;Id_004;FileDelete;
PYTHON;File_Manipulation_Practice;Perform File Manipulation;https://doc.casthighlight.com/CloudReady_File_Manipulation_Practice?auth=7d30ba0f5aeddf312a92a715c1038f24;Id_009;Open;
PYTHON;File_Manipulation_Practice;Perform File Manipulation;https://doc.casthighlight.com/CloudReady_File_Manipulation_Practice?auth=7d30ba0f5aeddf312a92a715c1038f24;Id_002;FileMove;
PYTHON;File_Manipulation_Practice;Perform File Manipulation;https://doc.casthighlight.com/CloudReady_File_Manipulation_Practice?auth=7d30ba0f5aeddf312a92a715c1038f24;Id_094;New_FileInputStream;
PYTHON;File_Manipulation_Practice;Perform File Manipulation;https://doc.casthighlight.com/CloudReady_File_Manipulation_Practice?auth=7d30ba0f5aeddf312a92a715c1038f24;Id_051;Write;
PYTHON;File_Manipulation_Practice;Perform File Manipulation;https://doc.casthighlight.com/CloudReady_File_Manipulation_Practice?auth=7d30ba0f5aeddf312a92a715c1038f24;Id_003;FileCreate;
PYTHON;File_Manipulation_Practice;Perform File Manipulation;https://doc.casthighlight.com/CloudReady_File_Manipulation_Practice?auth=7d30ba0f5aeddf312a92a715c1038f24;Id_005;FileCopy;
PYTHON;Access_To_Environment_Variable;Access to environment variable;https://doc.casthighlight.com/CloudReady_Access_To_Environment_Variable?auth=9a923ef56e8fe07e0d2f445742ca6666;Id_174;EnvironmentVariable;
PYTHON;Use_SecuredProtocols;Use of unsecured network protocols (HTTP, FTP);https://doc.casthighlight.com/CloudReady_Use_SecuredProtocols?auth=5af9b0822489b03c906db6b3d0009afe;Id_095;URINotSecured;
PYTHON;Use_SecuredProtocolsHTTP;Use of unsecured network protocols (HTTP);https://doc.casthighlight.com/CloudReady_Use_SecuredProtocols?auth=5af9b0822489b03c906db6b3d0009afe;Id_117;URINotSecuredHTTP;
PYTHON;Use_SecuredProtocolsFTP;Use of unsecured network protocols (FTP);https://doc.casthighlight.com/CloudReady_Use_SecuredProtocols?auth=5af9b0822489b03c906db6b3d0009afe;Id_118;URINotSecuredFTP;
PYTHON;Use_Hardcoded_IP_Address;Using hardcoded network IP address (IPV4, IPV6);https://doc.casthighlight.com/CloudReady_Use_Hardcoded_IP_Address?auth=a6ab8fb4f9ec7a7c7452a9df1d0eef2f;Id_096;HardCodedIP;
PYTHON;Launch_Sub_Processes;Launching sub processes;https://doc.casthighlight.com/CloudReady_Launch_Sub_Processes?auth=5289f98da9ba3d4e0ab3b7ccaa0113da;Id_170;LaunchSubProcess;
TYPESCRIPT;Use_Access_Control;Using Access Control List;https://doc.casthighlight.com/CloudReady_Use_Access_Control?auth=810dbb62ba6ce167e0e3a5425bf7691d;Id_071;New_AccessControlList;
TYPESCRIPT;Use_Crypto_API;Using Crypto API;https://doc.casthighlight.com/CloudReady_Use_Crypto_API?auth=83196fa77e7a35409d833d7b4cc41b16;Id_064;UsingSystemSecurityCryptography;
TYPESCRIPT;Directory_Manipulation_Practice;Perform Directory Manipulation;https://doc.casthighlight.com/CloudReady_Directory_Manipulation_Practice?auth=977d0e61c5d240f729856db9d227aaf5;Id_171;DirectoryCurrent;
TYPESCRIPT;Directory_Manipulation_Practice;Perform Directory Manipulation;https://doc.casthighlight.com/CloudReady_Directory_Manipulation_Practice?auth=977d0e61c5d240f729856db9d227aaf5;Id_173;DirectoryChange;
TYPESCRIPT;Directory_Manipulation_Practice;Perform Directory Manipulation;https://doc.casthighlight.com/CloudReady_Directory_Manipulation_Practice?auth=977d0e61c5d240f729856db9d227aaf5;Id_124;Path;
TYPESCRIPT;Directory_Manipulation_Practice;Perform Directory Manipulation;https://doc.casthighlight.com/CloudReady_Directory_Manipulation_Practice?auth=977d0e61c5d240f729856db9d227aaf5;Id_014;DirectoryExists;
TYPESCRIPT;File_Manipulation_Practice;Perform File Manipulation;https://doc.casthighlight.com/CloudReady_File_Manipulation_Practice?auth=7d30ba0f5aeddf312a92a715c1038f24;Id_009;Open;
TYPESCRIPT;File_Manipulation_Practice;Perform File Manipulation;https://doc.casthighlight.com/CloudReady_File_Manipulation_Practice?auth=7d30ba0f5aeddf312a92a715c1038f24;Id_094;New_FileInputStream;
TYPESCRIPT;File_Manipulation_Practice;Perform File Manipulation;https://doc.casthighlight.com/CloudReady_File_Manipulation_Practice?auth=7d30ba0f5aeddf312a92a715c1038f24;Id_002;FileMove;
TYPESCRIPT;File_Manipulation_Practice;Perform File Manipulation;https://doc.casthighlight.com/CloudReady_File_Manipulation_Practice?auth=7d30ba0f5aeddf312a92a715c1038f24;Id_005;FileCopy;
TYPESCRIPT;Access_To_Environment_Variable;Access to environment variable;https://doc.casthighlight.com/CloudReady_Access_To_Environment_Variable?auth=9a923ef56e8fe07e0d2f445742ca6666;Id_174;EnvironmentVariable;
TYPESCRIPT;Use_SecuredProtocols;Use of unsecured network protocols (HTTP, FTP);https://doc.casthighlight.com/CloudReady_Use_SecuredProtocols?auth=5af9b0822489b03c906db6b3d0009afe;Id_095;URINotSecured;
TYPESCRIPT;Use_SecuredProtocolsHTTP;Use of unsecured network protocols (HTTP);https://doc.casthighlight.com/CloudReady_Use_SecuredProtocols?auth=5af9b0822489b03c906db6b3d0009afe;Id_117;URINotSecuredHTTP;
TYPESCRIPT;Use_SecuredProtocolsFTP;Use of unsecured network protocols (FTP);https://doc.casthighlight.com/CloudReady_Use_SecuredProtocols?auth=5af9b0822489b03c906db6b3d0009afe;Id_118;URINotSecuredFTP;
TYPESCRIPT;Use_Hardcoded_IP_Address;Using hardcoded network IP address (IPV4, IPV6);https://doc.casthighlight.com/CloudReady_Use_Hardcoded_IP_Address?auth=a6ab8fb4f9ec7a7c7452a9df1d0eef2f;Id_096;HardCodedIP;
TYPESCRIPT;Avoid_Code_Skipped;Avoid code that can accidentally get skipped;https://doc.casthighlight.com/CloudReady_Avoid_Code_Skipped?auth=94e670f791965b4558517210c370b065;Id_125;CodeSkipped;
TYPESCRIPT;Use_Sub_Processes;Using New Process in System.Diagnostics namespace;https://doc.casthighlight.com/CloudReady_Use_Sub_Processes?auth=cba316edded10277296df36ccd2fae09;Id_166;New_Process;
SWIFT;Use_File_System;Using file system;https://doc.casthighlight.com/CloudReady_Use_File_System?auth=b1fede2ca6e441c908b1f4563b375e0c;Id_057;HardCodedPath;
SWIFT;Directory_Manipulation_Practice;Perform Directory Manipulation;https://doc.casthighlight.com/CloudReady_Directory_Manipulation_Practice?auth=977d0e61c5d240f729856db9d227aaf5;Id_171;DirectoryCurrent;
SWIFT;Directory_Manipulation_Practice;Perform Directory Manipulation;https://doc.casthighlight.com/CloudReady_Directory_Manipulation_Practice?auth=977d0e61c5d240f729856db9d227aaf5;Id_217;DirectoryOpen;
SWIFT;Directory_Manipulation_Practice;Perform Directory Manipulation;https://doc.casthighlight.com/CloudReady_Directory_Manipulation_Practice?auth=977d0e61c5d240f729856db9d227aaf5;Id_173;DirectoryChange;
SWIFT;Directory_Manipulation_Practice;Perform Directory Manipulation;https://doc.casthighlight.com/CloudReady_Directory_Manipulation_Practice?auth=977d0e61c5d240f729856db9d227aaf5;Id_055;DirectoryCreate;
SWIFT;File_Manipulation_Practice;Perform File Manipulation;https://doc.casthighlight.com/CloudReady_File_Manipulation_Practice?auth=7d30ba0f5aeddf312a92a715c1038f24;Id_009;Open;
SWIFT;File_Manipulation_Practice;Perform File Manipulation;https://doc.casthighlight.com/CloudReady_File_Manipulation_Practice?auth=7d30ba0f5aeddf312a92a715c1038f24;Id_051;Write;
SWIFT;File_Manipulation_Practice;Perform File Manipulation;https://doc.casthighlight.com/CloudReady_File_Manipulation_Practice?auth=7d30ba0f5aeddf312a92a715c1038f24;Id_003;FileCreate;
SWIFT;File_Manipulation_Practice;Perform File Manipulation;https://doc.casthighlight.com/CloudReady_File_Manipulation_Practice?auth=7d30ba0f5aeddf312a92a715c1038f24;Id_005;FileCopy;
SWIFT;File_Manipulation_Practice;Perform File Manipulation;https://doc.casthighlight.com/CloudReady_File_Manipulation_Practice?auth=7d30ba0f5aeddf312a92a715c1038f24;Id_006;FileExists;
SWIFT;Access_To_Environment_Variable;Access to environment variable;https://doc.casthighlight.com/CloudReady_Access_To_Environment_Variable?auth=9a923ef56e8fe07e0d2f445742ca6666;Id_174;EnvironmentVariable;
SWIFT;Use_SecuredProtocols;Use of unsecured network protocols (HTTP, FTP);https://doc.casthighlight.com/CloudReady_Use_SecuredProtocols?auth=5af9b0822489b03c906db6b3d0009afe;Id_095;URINotSecured;
SWIFT;Use_SecuredProtocolsHTTP;Use of unsecured network protocols (HTTP);https://doc.casthighlight.com/CloudReady_Use_SecuredProtocols?auth=5af9b0822489b03c906db6b3d0009afe;Id_117;URINotSecuredHTTP;
SWIFT;Use_SecuredProtocolsFTP;Use of unsecured network protocols (FTP);https://doc.casthighlight.com/CloudReady_Use_SecuredProtocols?auth=5af9b0822489b03c906db6b3d0009afe;Id_118;URINotSecuredFTP;
SWIFT;Use_Hardcoded_IP_Address;Using hardcoded network IP address (IPV4, IPV6);https://doc.casthighlight.com/CloudReady_Use_Hardcoded_IP_Address?auth=a6ab8fb4f9ec7a7c7452a9df1d0eef2f;Id_096;HardCodedIP;
SWIFT;Launch_Sub_Processes;Launching sub processes;https://doc.casthighlight.com/CloudReady_Launch_Sub_Processes?auth=5289f98da9ba3d4e0ab3b7ccaa0113da;Id_170;LaunchSubProcess;
KOTLIN;Use_File_System;Using file system;https://doc.casthighlight.com/CloudReady_Use_File_System?auth=b1fede2ca6e441c908b1f4563b375e0c;Id_057;HardCodedPath;
KOTLIN;Directory_Manipulation_Practice;Perform Directory Manipulation;https://doc.casthighlight.com/CloudReady_Directory_Manipulation_Practice?auth=977d0e61c5d240f729856db9d227aaf5;Id_050;DirectoryCopy;
KOTLIN;Directory_Manipulation_Practice;Perform Directory Manipulation;https://doc.casthighlight.com/CloudReady_Directory_Manipulation_Practice?auth=977d0e61c5d240f729856db9d227aaf5;Id_055;DirectoryCreate;
KOTLIN;Directory_Manipulation_Practice;Perform Directory Manipulation;https://doc.casthighlight.com/CloudReady_Directory_Manipulation_Practice?auth=977d0e61c5d240f729856db9d227aaf5;Id_013;DirectoryDelete;
KOTLIN;Directory_Manipulation_Practice;Perform Directory Manipulation;https://doc.casthighlight.com/CloudReady_Directory_Manipulation_Practice?auth=977d0e61c5d240f729856db9d227aaf5;Id_014;DirectoryExists;
KOTLIN;File_Manipulation_Practice;Perform File Manipulation;https://doc.casthighlight.com/CloudReady_File_Manipulation_Practice?auth=7d30ba0f5aeddf312a92a715c1038f24;Id_009;Open;
KOTLIN;File_Manipulation_Practice;Perform File Manipulation;https://doc.casthighlight.com/CloudReady_File_Manipulation_Practice?auth=7d30ba0f5aeddf312a92a715c1038f24;Id_094;New_FileInputStream;
KOTLIN;File_Manipulation_Practice;Perform File Manipulation;https://doc.casthighlight.com/CloudReady_File_Manipulation_Practice?auth=7d30ba0f5aeddf312a92a715c1038f24;Id_229;FileRead;
KOTLIN;File_Manipulation_Practice;Perform File Manipulation;https://doc.casthighlight.com/CloudReady_File_Manipulation_Practice?auth=7d30ba0f5aeddf312a92a715c1038f24;Id_051;Write;
KOTLIN;File_Manipulation_Practice;Perform File Manipulation;https://doc.casthighlight.com/CloudReady_File_Manipulation_Practice?auth=7d30ba0f5aeddf312a92a715c1038f24;Id_003;FileCreate;
KOTLIN;File_Manipulation_Practice;Perform File Manipulation;https://doc.casthighlight.com/CloudReady_File_Manipulation_Practice?auth=7d30ba0f5aeddf312a92a715c1038f24;Id_005;FileCopy;
KOTLIN;Access_To_Environment_Variable;Access to environment variable;https://doc.casthighlight.com/CloudReady_Access_To_Environment_Variable?auth=9a923ef56e8fe07e0d2f445742ca6666;Id_174;EnvironmentVariable;
KOTLIN;Use_SecuredProtocols;Use of unsecured network protocols (HTTP, FTP);https://doc.casthighlight.com/CloudReady_Use_SecuredProtocols?auth=5af9b0822489b03c906db6b3d0009afe;Id_095;URINotSecured;
KOTLIN;Use_SecuredProtocolsHTTP;Use of unsecured network protocols (HTTP);https://doc.casthighlight.com/CloudReady_Use_SecuredProtocols?auth=5af9b0822489b03c906db6b3d0009afe;Id_117;URINotSecuredHTTP;
KOTLIN;Use_SecuredProtocolsFTP;Use of unsecured network protocols (FTP);https://doc.casthighlight.com/CloudReady_Use_SecuredProtocols?auth=5af9b0822489b03c906db6b3d0009afe;Id_118;URINotSecuredFTP;
KOTLIN;Use_Hardcoded_IP_Address;Using hardcoded network IP address (IPV4, IPV6);https://doc.casthighlight.com/CloudReady_Use_Hardcoded_IP_Address?auth=a6ab8fb4f9ec7a7c7452a9df1d0eef2f;Id_096;HardCodedIP;
KOTLIN;Launch_Sub_Processes;Launching sub processes;https://doc.casthighlight.com/CloudReady_Launch_Sub_Processes?auth=5289f98da9ba3d4e0ab3b7ccaa0113da;Id_170;LaunchSubProcess;
CLOJURE;Use_File_System;Using file system;https://doc.casthighlight.com/CloudReady_Use_File_System?auth=b1fede2ca6e441c908b1f4563b375e0c;Id_057;HardCodedPath;
CLOJURE;Directory_Manipulation_Practice;Perform Directory Manipulation;https://doc.casthighlight.com/CloudReady_Directory_Manipulation_Practice?auth=977d0e61c5d240f729856db9d227aaf5;Id_171;DirectoryCurrent;
CLOJURE;Directory_Manipulation_Practice;Perform Directory Manipulation;https://doc.casthighlight.com/CloudReady_Directory_Manipulation_Practice?auth=977d0e61c5d240f729856db9d227aaf5;Id_050;DirectoryCopy;
CLOJURE;Directory_Manipulation_Practice;Perform Directory Manipulation;https://doc.casthighlight.com/CloudReady_Directory_Manipulation_Practice?auth=977d0e61c5d240f729856db9d227aaf5;Id_055;DirectoryCreate;
CLOJURE;Directory_Manipulation_Practice;Perform Directory Manipulation;https://doc.casthighlight.com/CloudReady_Directory_Manipulation_Practice?auth=977d0e61c5d240f729856db9d227aaf5;Id_013;DirectoryDelete;
CLOJURE;Directory_Manipulation_Practice;Perform Directory Manipulation;https://doc.casthighlight.com/CloudReady_Directory_Manipulation_Practice?auth=977d0e61c5d240f729856db9d227aaf5;Id_014;DirectoryExists;
CLOJURE;File_Manipulation_Practice;Perform File Manipulation;https://doc.casthighlight.com/CloudReady_File_Manipulation_Practice?auth=7d30ba0f5aeddf312a92a715c1038f24;Id_009;Open;
CLOJURE;File_Manipulation_Practice;Perform File Manipulation;https://doc.casthighlight.com/CloudReady_File_Manipulation_Practice?auth=7d30ba0f5aeddf312a92a715c1038f24;Id_004;FileDelete;
CLOJURE;File_Manipulation_Practice;Perform File Manipulation;https://doc.casthighlight.com/CloudReady_File_Manipulation_Practice?auth=7d30ba0f5aeddf312a92a715c1038f24;Id_094;New_FileInputStream;
CLOJURE;File_Manipulation_Practice;Perform File Manipulation;https://doc.casthighlight.com/CloudReady_File_Manipulation_Practice?auth=7d30ba0f5aeddf312a92a715c1038f24;Id_229;FileRead;
CLOJURE;File_Manipulation_Practice;Perform File Manipulation;https://doc.casthighlight.com/CloudReady_File_Manipulation_Practice?auth=7d30ba0f5aeddf312a92a715c1038f24;Id_051;Write;
CLOJURE;File_Manipulation_Practice;Perform File Manipulation;https://doc.casthighlight.com/CloudReady_File_Manipulation_Practice?auth=7d30ba0f5aeddf312a92a715c1038f24;Id_005;FileCopy;
CLOJURE;File_Manipulation_Practice;Perform File Manipulation;https://doc.casthighlight.com/CloudReady_File_Manipulation_Practice?auth=7d30ba0f5aeddf312a92a715c1038f24;Id_006;FileExists;
CLOJURE;Access_To_Environment_Variable;Access to environment variable;https://doc.casthighlight.com/CloudReady_Access_To_Environment_Variable?auth=9a923ef56e8fe07e0d2f445742ca6666;Id_174;EnvironmentVariable;
CLOJURE;Use_SecuredProtocols;Use of unsecured network protocols (HTTP, FTP);https://doc.casthighlight.com/CloudReady_Use_SecuredProtocols?auth=5af9b0822489b03c906db6b3d0009afe;Id_095;URINotSecured;
CLOJURE;Use_SecuredProtocolsHTTP;Use of unsecured network protocols (HTTP);https://doc.casthighlight.com/CloudReady_Use_SecuredProtocols?auth=5af9b0822489b03c906db6b3d0009afe;Id_117;URINotSecuredHTTP;
CLOJURE;Use_SecuredProtocolsFTP;Use of unsecured network protocols (FTP);https://doc.casthighlight.com/CloudReady_Use_SecuredProtocols?auth=5af9b0822489b03c906db6b3d0009afe;Id_118;URINotSecuredFTP;
CLOJURE;Use_Hardcoded_IP_Address;Using hardcoded network IP address (IPV4, IPV6);https://doc.casthighlight.com/CloudReady_Use_Hardcoded_IP_Address?auth=a6ab8fb4f9ec7a7c7452a9df1d0eef2f;Id_096;HardCodedIP;
CLOJURE;Launch_Sub_Processes;Launching sub processes;https://doc.casthighlight.com/CloudReady_Launch_Sub_Processes?auth=5289f98da9ba3d4e0ab3b7ccaa0113da;Id_170;LaunchSubProcess;
